"run","day","filename","filename_fullpaths","sample_name","site","samplenumber_site","latlong","collection_date","inclusionexclusionreason"
"021216DR515F","day7","day7_A1.WiW01.4_021216DR515FSAM1-89d-pr_filt.fastq.gz","3_filtered/day7_A1.WiW01.4_021216DR515FSAM1-89d-pr_filt.fastq.gz","WiW01.4","WiW","1","51.4117 N 0.6208 W","2013-09-18","this study"
"021216DR515F","day7","day7_A1.WYM02.4_021216DR515FSAM1-96f-pr_filt.fastq.gz","3_filtered/day7_A1.WYM02.4_021216DR515FSAM1-96f-pr_filt.fastq.gz","WYM02.4","WYM","2","51.7697 N 1.3294 W","2013-10-22","this study"
"021216DR515F","day7","day7_A1.WYT01.4_021216DR515FSAM1-92-pr_filt.fastq.gz","3_filtered/day7_A1.WYT01.4_021216DR515FSAM1-92-pr_filt.fastq.gz","WYT01.4","WYT","1","51.7702 N 1.3293 W","2013-10-16","this study"
"021216DR515F","day7","day7_A10.BB40.4_021216DR515FSAM1-96f-pr_filt.fastq.gz","3_filtered/day7_A10.BB40.4_021216DR515FSAM1-96f-pr_filt.fastq.gz","BB40.4","BB","40","51.5579 N 0.6309 W","2013-08-29","this study"
"021216DR515F","day7","day7_A10.OWW09.4_021216DR515FSAM1-92-pr_filt.fastq.gz","3_filtered/day7_A10.OWW09.4_021216DR515FSAM1-92-pr_filt.fastq.gz","OWW09.4","OWW","9","51.4497 N 0.5968 W","2013-09-26","this study"
"021216DR515F","day7","day7_A10.PH01.4_021216DR515FSAM1-88d-pr_filt.fastq.gz","3_filtered/day7_A10.PH01.4_021216DR515FSAM1-88d-pr_filt.fastq.gz","PH01.4","PH","1","51.57306 N 0.81191 W","2013-12-07","this study"
"021216DR515F","day7","day7_A10.WP09.4_021216DR515FSAM1-89d-pr_filt.fastq.gz","3_filtered/day7_A10.WP09.4_021216DR515FSAM1-89d-pr_filt.fastq.gz","WP09.4","WP","9","51.324101 N 0.615783 W","2013-11-28","this study"
"021216DR515F","day7","day7_A11.BB01.4_021216DR515FSAM1-96f-pr_filt.fastq.gz","3_filtered/day7_A11.BB01.4_021216DR515FSAM1-96f-pr_filt.fastq.gz","BB01.4","BB","1","51.5565 N 0.6335 W","2013-08-20","this study"
"021216DR515F","day7","day7_A11.BWd01.4_021216DR515FSAM1-92-pr_filt.fastq.gz","3_filtered/day7_A11.BWd01.4_021216DR515FSAM1-92-pr_filt.fastq.gz","BWd01.4","BWd","1","51.1936 N 1.0689 W","2013-10-03","this study"
"021216DR515F","day7","day7_A11.PH09.4_021216DR515FSAM1-88d-pr_filt.fastq.gz","3_filtered/day7_A11.PH09.4_021216DR515FSAM1-88d-pr_filt.fastq.gz","PH09.4","PH","9","51.57212 N 0.81244 W","2013-12-07","this study"
"021216DR515F","day7","day7_A11.SAC01.4_021216DR515FSAM1-89d-pr_filt.fastq.gz","3_filtered/day7_A11.SAC01.4_021216DR515FSAM1-89d-pr_filt.fastq.gz","SAC01.4","SAC","1","51.76454 N 0.3351 W","2013-12-03","this study"
"021216DR515F","day7","day7_A12.AE97.4_021216DR515FSAM1-96f-pr_filt.fastq.gz","3_filtered/day7_A12.AE97.4_021216DR515FSAM1-96f-pr_filt.fastq.gz","AE97.4","AE","97","51.79389 N 0.56033 W","2013-11-18","this study"
"021216DR515F","day7","day7_A12.PH17.4_021216DR515FSAM1-88d-pr_filt.fastq.gz","3_filtered/day7_A12.PH17.4_021216DR515FSAM1-88d-pr_filt.fastq.gz","PH17.4","PH","17","51.57016 N 0.81297 W","2013-12-07","this study"
"021216DR515F","day7","day7_A12.SAC09.4_021216DR515FSAM1-89d-pr_filt.fastq.gz","3_filtered/day7_A12.SAC09.4_021216DR515FSAM1-89d-pr_filt.fastq.gz","SAC09.4","SAC","9","51.76949 N 0.34862 W","2013-12-03","this study"
"021216DR515F","day7","day7_A12.WF01.4_021216DR515FSAM1-92-pr_filt.fastq.gz","3_filtered/day7_A12.WF01.4_021216DR515FSAM1-92-pr_filt.fastq.gz","WF01.4","WF","1","51.4503 N 0.6338 W","2013-10-21","this study"
"021216DR515F","day7","day7_A2.BB09.4_021216DR515FSAM1-88d-pr_filt.fastq.gz","3_filtered/day7_A2.BB09.4_021216DR515FSAM1-88d-pr_filt.fastq.gz","BB09.4","BB","9","51.559 N 0.6344 W","2013-08-20","this study"
"021216DR515F","day7","day7_A2.CHE03.4_021216DR515FSAM1-96f-pr_filt.fastq.gz","3_filtered/day7_A2.CHE03.4_021216DR515FSAM1-96f-pr_filt.fastq.gz","CHE03.4","CHE","3","50.9228 N 3.4745 W","2013-12-28","this study"
"021216DR515F","day7","day7_A2.WiW09.4_021216DR515FSAM1-89d-pr_filt.fastq.gz","3_filtered/day7_A2.WiW09.4_021216DR515FSAM1-89d-pr_filt.fastq.gz","WiW09.4","WiW","9","51.4378 N 0.5995 W","2013-09-18","this study"
"021216DR515F","day7","day7_A2.WYT09.4_021216DR515FSAM1-92-pr_filt.fastq.gz","3_filtered/day7_A2.WYT09.4_021216DR515FSAM1-92-pr_filt.fastq.gz","WYT09.4","WYT","9","51.7693 N 1.3293 W","2013-10-16","this study"
"021216DR515F","day7","day7_A3.AE12.4_021216DR515FSAM1-96f-pr_filt.fastq.gz","3_filtered/day7_A3.AE12.4_021216DR515FSAM1-96f-pr_filt.fastq.gz","AE12.4","AE","12","51.78638 N 0.55246 W","2013-10-30","this study"
"021216DR515F","day7","day7_A3.BB17.4_021216DR515FSAM1-88d-pr_filt.fastq.gz","3_filtered/day7_A3.BB17.4_021216DR515FSAM1-88d-pr_filt.fastq.gz","BB17.4","BB","17","51.5592 N 0.6344 W","2013-08-20","this study"
"021216DR515F","day7","day7_A3.WiW17.4_021216DR515FSAM1-89d-pr_filt.fastq.gz","3_filtered/day7_A3.WiW17.4_021216DR515FSAM1-89d-pr_filt.fastq.gz","WiW17.4","WiW","17","51.4414 N 0.5996 W","2013-09-18","this study"
"021216DR515F","day7","day7_A3.WYT17.4_021216DR515FSAM1-92-pr_filt.fastq.gz","3_filtered/day7_A3.WYT17.4_021216DR515FSAM1-92-pr_filt.fastq.gz","WYT17.4","WYT","17","51.7697 N 1.3295 W","2013-10-22","this study"
"021216DR515F","day7","day7_A4.BB25.4_021216DR515FSAM1-88d-pr_filt.fastq.gz","3_filtered/day7_A4.BB25.4_021216DR515FSAM1-88d-pr_filt.fastq.gz","BB25.4","BB","25","51.5604 N 0.6357 W","2013-08-20","this study"
"021216DR515F","day7","day7_A4.BB96.4_021216DR515FSAM1-96f-pr_filt.fastq.gz","3_filtered/day7_A4.BB96.4_021216DR515FSAM1-96f-pr_filt.fastq.gz","BB96.4","BB","96","51.5564 N 0.6371 W","2013-08-29","this study"
"021216DR515F","day7","day7_A4.WiW25.4_021216DR515FSAM1-89d-pr_filt.fastq.gz","3_filtered/day7_A4.WiW25.4_021216DR515FSAM1-89d-pr_filt.fastq.gz","WiW25.4","WiW","25","51.4416 N 0.6004 W","2013-09-18","this study"
"021216DR515F","day7","day7_A4.WYT25.4_021216DR515FSAM1-92-pr_filt.fastq.gz","3_filtered/day7_A4.WYT25.4_021216DR515FSAM1-92-pr_filt.fastq.gz","WYT25.4","WYT","25","51.7694 N 1.3297 W","2013-10-22","this study"
"021216DR515F","day7","day7_A5.BB57.4_021216DR515FSAM1-96f-pr_filt.fastq.gz","3_filtered/day7_A5.BB57.4_021216DR515FSAM1-96f-pr_filt.fastq.gz","BB57.4","BB","57","51.559 N 0.6295 W","2013-08-29","this study"
"021216DR515F","day7","day7_A5.WEL01.4_021216DR515FSAM1-88d-pr_filt.fastq.gz","3_filtered/day7_A5.WEL01.4_021216DR515FSAM1-88d-pr_filt.fastq.gz","WEL01.4","WEL","1","50.9459 N 3.2072 W","2013-12-29","this study"
"021216DR515F","day7","day7_A5.WiW33.4_021216DR515FSAM1-89d-pr_filt.fastq.gz","3_filtered/day7_A5.WiW33.4_021216DR515FSAM1-89d-pr_filt.fastq.gz","WiW33.4","WiW","33","51.4418 N 0.6018 W","2013-09-18","this study"
"021216DR515F","day7","day7_A5.WYT33.4_021216DR515FSAM1-92-pr_filt.fastq.gz","3_filtered/day7_A5.WYT33.4_021216DR515FSAM1-92-pr_filt.fastq.gz","WYT33.4","WYT","33","51.769 N 1.3293 W","2013-10-22","this study"
"021216DR515F","day7","day7_A6.CHE05.4_021216DR515FSAM1-96f-pr_filt.fastq.gz","3_filtered/day7_A6.CHE05.4_021216DR515FSAM1-96f-pr_filt.fastq.gz","CHE05.4","CHE","5","50.9252 N 3.4739 W","2013-12-28","this study"
"021216DR515F","day7","day7_A6.WEL09.4_021216DR515FSAM1-88d-pr_filt.fastq.gz","3_filtered/day7_A6.WEL09.4_021216DR515FSAM1-88d-pr_filt.fastq.gz","WEL09.4","WEL","9","50.9466 N 3.2077 W","2013-12-29","this study"
"021216DR515F","day7","day7_A6.WiW41.4_021216DR515FSAM1-89d-pr_filt.fastq.gz","3_filtered/day7_A6.WiW41.4_021216DR515FSAM1-89d-pr_filt.fastq.gz","WiW41.4","WiW","41","51.4427 N 0.6017 W","2013-09-18","this study"
"021216DR515F","day7","day7_A6.WYT41.4_021216DR515FSAM1-92-pr_filt.fastq.gz","3_filtered/day7_A6.WYT41.4_021216DR515FSAM1-92-pr_filt.fastq.gz","WYT41.4","WYT","41","51.7687 N 1.3291 W","2013-10-22","this study"
"021216DR515F","day7","day7_A7.WEL17.4_021216DR515FSAM1-88d-pr_filt.fastq.gz","3_filtered/day7_A7.WEL17.4_021216DR515FSAM1-88d-pr_filt.fastq.gz","WEL17.4","WEL","17","50.9454 N 3.2104 W","2013-12-29","this study"
"021216DR515F","day7","day7_A7.WiW49.4_021216DR515FSAM1-89d-pr_filt.fastq.gz","3_filtered/day7_A7.WiW49.4_021216DR515FSAM1-89d-pr_filt.fastq.gz","WiW49.4","WiW","49","51.43 N 0.5944 W","2013-09-18","this study"
"021216DR515F","day7","day7_A7.WYT12.4_021216DR515FSAM1-96f-pr_filt.fastq.gz","3_filtered/day7_A7.WYT12.4_021216DR515FSAM1-96f-pr_filt.fastq.gz","WYT12.4","WYT","12","51.7673 N 1.3299 W","2013-10-16","this study"
"021216DR515F","day7","day7_A7.WYT49.4_021216DR515FSAM1-92-pr_filt.fastq.gz","3_filtered/day7_A7.WYT49.4_021216DR515FSAM1-92-pr_filt.fastq.gz","WYT49.4","WYT","49","51.7648 N 1.3278 W","2013-10-22","this study"
"021216DR515F","day7","day7_A8.BB27.4_021216DR515FSAM1-96f-pr_filt.fastq.gz","3_filtered/day7_A8.BB27.4_021216DR515FSAM1-96f-pr_filt.fastq.gz","BB27.4","BB","27","51.5509 N 0.6322 W","2013-08-29","this study"
"021216DR515F","day7","day7_A8.WEL25.4_021216DR515FSAM1-88d-pr_filt.fastq.gz","3_filtered/day7_A8.WEL25.4_021216DR515FSAM1-88d-pr_filt.fastq.gz","WEL25.4","WEL","25","50.9451 N 3.2118 W","2013-12-29","this study"
"021216DR515F","day7","day7_A8.WiW57.4_021216DR515FSAM1-89d-pr_filt.fastq.gz","3_filtered/day7_A8.WiW57.4_021216DR515FSAM1-89d-pr_filt.fastq.gz","WiW57.4","WiW","57","51.4381 N 0.6003 W","2013-09-18","this study"
"021216DR515F","day7","day7_A8.WYT57.4_021216DR515FSAM1-92-pr_filt.fastq.gz","3_filtered/day7_A8.WYT57.4_021216DR515FSAM1-92-pr_filt.fastq.gz","WYT57.4","WYT","57","51.7688 N 1.3345 W","2013-10-22","this study"
"021216DR515F","day7","day7_A9.BB100.4_021216DR515FSAM1-96f-pr_filt.fastq.gz","3_filtered/day7_A9.BB100.4_021216DR515FSAM1-96f-pr_filt.fastq.gz","BB100.4","BB","100","51.5563 N 0.6367 W","2013-08-29","this study"
"021216DR515F","day7","day7_A9.LW07.4_021216DR515FSAM1-88d-pr_filt.fastq.gz","3_filtered/day7_A9.LW07.4_021216DR515FSAM1-88d-pr_filt.fastq.gz","LW07.4","LW","7","51.4241 N 0.6383 W","2013-09-12","this study"
"021216DR515F","day7","day7_A9.OWW01.4_021216DR515FSAM1-92-pr_filt.fastq.gz","3_filtered/day7_A9.OWW01.4_021216DR515FSAM1-92-pr_filt.fastq.gz","OWW01.4","OWW","1","51.4503 N 0.5941 W","2013-09-26","this study"
"021216DR515F","day7","day7_A9.WP01.4_021216DR515FSAM1-89d-pr_filt.fastq.gz","3_filtered/day7_A9.WP01.4_021216DR515FSAM1-89d-pr_filt.fastq.gz","WP01.4","WP","1","51.3222 N 0.61592 W","2013-11-28","this study"
"021216DR515F","day7","day7_B1.BB02.4_021216DR515FSAM1-88d-pr_filt.fastq.gz","3_filtered/day7_B1.BB02.4_021216DR515FSAM1-88d-pr_filt.fastq.gz","BB02.4","BB","2","51.557 N 0.6335 W","2013-08-20","this study"
"021216DR515F","day7","day7_B1.WiW02.4_021216DR515FSAM1-89d-pr_filt.fastq.gz","3_filtered/day7_B1.WiW02.4_021216DR515FSAM1-89d-pr_filt.fastq.gz","WiW02.4","WiW","2","51.4117 N 0.6208 W","2013-09-18","this study"
"021216DR515F","day7","day7_B1.WYC42.4_021216DR515FSAM1-96f-pr_filt.fastq.gz","3_filtered/day7_B1.WYC42.4_021216DR515FSAM1-96f-pr_filt.fastq.gz","WYC42.4","WYC","42","51.7685 N 1.336 W","2013-10-22","this study"
"021216DR515F","day7","day7_B1.WYT02.4_021216DR515FSAM1-92-pr_filt.fastq.gz","3_filtered/day7_B1.WYT02.4_021216DR515FSAM1-92-pr_filt.fastq.gz","WYT02.4","WYT","2","51.7702 N 1.3293 W","2013-10-16","this study"
"021216DR515F","day7","day7_B10.BB63.4_021216DR515FSAM1-96f-pr_filt.fastq.gz","3_filtered/day7_B10.BB63.4_021216DR515FSAM1-96f-pr_filt.fastq.gz","BB63.4","BB","63","51.5583 N 0.6307 W","2013-08-29","this study"
"021216DR515F","day7","day7_B10.OWW10.4_021216DR515FSAM1-92-pr_filt.fastq.gz","3_filtered/day7_B10.OWW10.4_021216DR515FSAM1-92-pr_filt.fastq.gz","OWW10.4","OWW","10","51.4497 N 0.5968 W","2013-09-26","this study"
"021216DR515F","day7","day7_B10.PH02.4_021216DR515FSAM1-88d-pr_filt.fastq.gz","3_filtered/day7_B10.PH02.4_021216DR515FSAM1-88d-pr_filt.fastq.gz","PH02.4","PH","2","51.57306 N 0.81191 W","2013-12-07","this study"
"021216DR515F","day7","day7_B10.WP10.4_021216DR515FSAM1-89d-pr_filt.fastq.gz","3_filtered/day7_B10.WP10.4_021216DR515FSAM1-89d-pr_filt.fastq.gz","WP10.4","WP","10","51.324101 N 0.615783 W","2013-11-28","this study"
"021216DR515F","day7","day7_B11.BB29.4_021216DR515FSAM1-96f-pr_filt.fastq.gz","3_filtered/day7_B11.BB29.4_021216DR515FSAM1-96f-pr_filt.fastq.gz","BB29.4","BB","29","51.5509 N 0.6318 W","2013-08-29","this study"
"021216DR515F","day7","day7_B11.BWd02.4_021216DR515FSAM1-92-pr_filt.fastq.gz","3_filtered/day7_B11.BWd02.4_021216DR515FSAM1-92-pr_filt.fastq.gz","BWd02.4","BWd","2","51.1946 N 1.0674 W","2013-10-03","this study"
"021216DR515F","day7","day7_B11.PH10.4_021216DR515FSAM1-88d-pr_filt.fastq.gz","3_filtered/day7_B11.PH10.4_021216DR515FSAM1-88d-pr_filt.fastq.gz","PH10.4","PH","10","51.57204 N 0.81328 W","2013-12-07","this study"
"021216DR515F","day7","day7_B11.SAC02.4_021216DR515FSAM1-89d-pr_filt.fastq.gz","3_filtered/day7_B11.SAC02.4_021216DR515FSAM1-89d-pr_filt.fastq.gz","SAC02.4","SAC","2","51.76587 N 0.33455 W","2013-12-03","this study"
"021216DR515F","day7","day7_B12.AE126.4_021216DR515FSAM1-96f-pr_filt.fastq.gz","3_filtered/day7_B12.AE126.4_021216DR515FSAM1-96f-pr_filt.fastq.gz","AE126.4","AE","126","51.79794 N 0.56341 W","2013-11-21","this study"
"021216DR515F","day7","day7_B12.PH18.4_021216DR515FSAM1-88d-pr_filt.fastq.gz","3_filtered/day7_B12.PH18.4_021216DR515FSAM1-88d-pr_filt.fastq.gz","PH18.4","PH","18","51.56984 N 0.81291 W","2013-12-07","this study"
"021216DR515F","day7","day7_B12.SAC10.4_021216DR515FSAM1-89d-pr_filt.fastq.gz","3_filtered/day7_B12.SAC10.4_021216DR515FSAM1-89d-pr_filt.fastq.gz","SAC10.4","SAC","10","51.76949 N 0.34862 W","2013-12-03","this study"
"021216DR515F","day7","day7_B12.WF02.4_021216DR515FSAM1-92-pr_filt.fastq.gz","3_filtered/day7_B12.WF02.4_021216DR515FSAM1-92-pr_filt.fastq.gz","WF02.4","WF","2","51.4503 N 0.6338 W","2013-10-21","this study"
"021216DR515F","day7","day7_B2.BB10.4_021216DR515FSAM1-88d-pr_filt.fastq.gz","3_filtered/day7_B2.BB10.4_021216DR515FSAM1-88d-pr_filt.fastq.gz","BB10.4","BB","10","51.5591 N 0.6347 W","2013-08-20","this study"
"021216DR515F","day7","day7_B2.WiW10.4_021216DR515FSAM1-89d-pr_filt.fastq.gz","3_filtered/day7_B2.WiW10.4_021216DR515FSAM1-89d-pr_filt.fastq.gz","WiW10.4","WiW","10","51.4378 N 0.5995 W","2013-09-18","this study"
"021216DR515F","day7","day7_B2.WYD09.4_021216DR515FSAM1-96f-pr_filt.fastq.gz","3_filtered/day7_B2.WYD09.4_021216DR515FSAM1-96f-pr_filt.fastq.gz","WYD09.4","WYD","9","51.769 N 1.3289 W","2013-10-22","this study"
"021216DR515F","day7","day7_B2.WYT10.4_021216DR515FSAM1-92-pr_filt.fastq.gz","3_filtered/day7_B2.WYT10.4_021216DR515FSAM1-92-pr_filt.fastq.gz","WYT10.4","WYT","10","51.7693 N 1.3293 W","2013-10-16","this study"
"021216DR515F","day7","day7_B3.BB18.4_021216DR515FSAM1-88d-pr_filt.fastq.gz","3_filtered/day7_B3.BB18.4_021216DR515FSAM1-88d-pr_filt.fastq.gz","BB18.4","BB","18","51.5573 N 0.6325 W","2013-08-20","this study"
"021216DR515F","day7","day7_B3.WiW18.4_021216DR515FSAM1-89d-pr_filt.fastq.gz","3_filtered/day7_B3.WiW18.4_021216DR515FSAM1-89d-pr_filt.fastq.gz","WiW18.4","WiW","18","51.4414 N 0.5997 W","2013-09-18","this study"
"021216DR515F","day7","day7_B4.AE198.4_021216DR515FSAM1-96f-pr_filt.fastq.gz","3_filtered/day7_B4.AE198.4_021216DR515FSAM1-96f-pr_filt.fastq.gz","AE198.4","AE","198","51.78599 N 0.55237 W","2013-10-30","this study"
"021216DR515F","day7","day7_B4.BB26.4_021216DR515FSAM1-88d-pr_filt.fastq.gz","3_filtered/day7_B4.BB26.4_021216DR515FSAM1-88d-pr_filt.fastq.gz","BB26.4","BB","26","51.5604 N 0.6358 W","2013-08-20","this study"
"021216DR515F","day7","day7_B4.WiW26.4_021216DR515FSAM1-89d-pr_filt.fastq.gz","3_filtered/day7_B4.WiW26.4_021216DR515FSAM1-89d-pr_filt.fastq.gz","WiW26.4","WiW","26","51.4416 N 0.6009 W","2013-09-18","this study"
"021216DR515F","day7","day7_B4.WYT26.4_021216DR515FSAM1-92-pr_filt.fastq.gz","3_filtered/day7_B4.WYT26.4_021216DR515FSAM1-92-pr_filt.fastq.gz","WYT26.4","WYT","26","51.7694 N 1.3297 W","2013-10-22","this study"
"021216DR515F","day7","day7_B5.AE107.4_021216DR515FSAM1-96f-pr_filt.fastq.gz","3_filtered/day7_B5.AE107.4_021216DR515FSAM1-96f-pr_filt.fastq.gz","AE107.4","AE","107","51.79507 N 0.56083 W","2013-11-18","this study"
"021216DR515F","day7","day7_B5.WEL02.4_021216DR515FSAM1-88d-pr_filt.fastq.gz","3_filtered/day7_B5.WEL02.4_021216DR515FSAM1-88d-pr_filt.fastq.gz","WEL02.4","WEL","2","50.9459 N 3.2072 W","2013-12-29","this study"
"021216DR515F","day7","day7_B5.WiW34.4_021216DR515FSAM1-89d-pr_filt.fastq.gz","3_filtered/day7_B5.WiW34.4_021216DR515FSAM1-89d-pr_filt.fastq.gz","WiW34.4","WiW","34","51.4417 N 0.6018 W","2013-09-18","this study"
"021216DR515F","day7","day7_B5.WYT34.4_021216DR515FSAM1-92-pr_filt.fastq.gz","3_filtered/day7_B5.WYT34.4_021216DR515FSAM1-92-pr_filt.fastq.gz","WYT34.4","WYT","34","51.769 N 1.3293 W","2013-10-22","this study"
"021216DR515F","day7","day7_B6.CHE14.4_021216DR515FSAM1-96f-pr_filt.fastq.gz","3_filtered/day7_B6.CHE14.4_021216DR515FSAM1-96f-pr_filt.fastq.gz","CHE14.4","CHE","14","50.9275 N 3.4792 W","2013-12-28","this study"
"021216DR515F","day7","day7_B6.WEL10.4_021216DR515FSAM1-88d-pr_filt.fastq.gz","3_filtered/day7_B6.WEL10.4_021216DR515FSAM1-88d-pr_filt.fastq.gz","WEL10.4","WEL","10","50.9466 N 3.2077 W","2013-12-29","this study"
"021216DR515F","day7","day7_B6.WiW42.4_021216DR515FSAM1-89d-pr_filt.fastq.gz","3_filtered/day7_B6.WiW42.4_021216DR515FSAM1-89d-pr_filt.fastq.gz","WiW42.4","WiW","42","51.4427 N 0.6017 W","2013-09-18","this study"
"021216DR515F","day7","day7_B6.WYT42.4_021216DR515FSAM1-92-pr_filt.fastq.gz","3_filtered/day7_B6.WYT42.4_021216DR515FSAM1-92-pr_filt.fastq.gz","WYT42.4","WYT","42","51.7687 N 1.3291 W","2013-10-22","this study"
"021216DR515F","day7","day7_B7.SP04.4_021216DR515FSAM1-96f-pr_filt.fastq.gz","3_filtered/day7_B7.SP04.4_021216DR515FSAM1-96f-pr_filt.fastq.gz","SP04.4","SP","4","51.4098 N 0.6464 W","2013-09-11","this study"
"021216DR515F","day7","day7_B7.WEL18.4_021216DR515FSAM1-88d-pr_filt.fastq.gz","3_filtered/day7_B7.WEL18.4_021216DR515FSAM1-88d-pr_filt.fastq.gz","WEL18.4","WEL","18","50.9454 N 3.2104 W","2013-12-29","this study"
"021216DR515F","day7","day7_B7.WiW50.4_021216DR515FSAM1-89d-pr_filt.fastq.gz","3_filtered/day7_B7.WiW50.4_021216DR515FSAM1-89d-pr_filt.fastq.gz","WiW50.4","WiW","50","51.43 N 0.5944 W","2013-09-18","this study"
"021216DR515F","day7","day7_B7.WYT50.4_021216DR515FSAM1-92-pr_filt.fastq.gz","3_filtered/day7_B7.WYT50.4_021216DR515FSAM1-92-pr_filt.fastq.gz","WYT50.4","WYT","50","51.7648 N 1.3278 W","2013-10-22","this study"
"021216DR515F","day7","day7_B8.SP03.4_021216DR515FSAM1-96f-pr_filt.fastq.gz","3_filtered/day7_B8.SP03.4_021216DR515FSAM1-96f-pr_filt.fastq.gz","SP03.4","SP","3","51.082 N 0.6452 W","2013-09-11","this study"
"021216DR515F","day7","day7_B8.WEL26.4_021216DR515FSAM1-88d-pr_filt.fastq.gz","3_filtered/day7_B8.WEL26.4_021216DR515FSAM1-88d-pr_filt.fastq.gz","WEL26.4","WEL","26","50.9451 N 3.2118 W","2013-12-29","this study"
"021216DR515F","day7","day7_B8.WYT58.4_021216DR515FSAM1-92-pr_filt.fastq.gz","3_filtered/day7_B8.WYT58.4_021216DR515FSAM1-92-pr_filt.fastq.gz","WYT58.4","WYT","58","51.7687 N 1.3358 W","2013-10-22","this study"
"021216DR515F","day7","day7_B9.LW08.4_021216DR515FSAM1-88d-pr_filt.fastq.gz","3_filtered/day7_B9.LW08.4_021216DR515FSAM1-88d-pr_filt.fastq.gz","LW08.4","LW","8","51.4245 N 0.6382 W","2013-09-12","this study"
"021216DR515F","day7","day7_B9.OWW02.4_021216DR515FSAM1-92-pr_filt.fastq.gz","3_filtered/day7_B9.OWW02.4_021216DR515FSAM1-92-pr_filt.fastq.gz","OWW02.4","OWW","2","51.4503 N 0.5941 W","2013-09-26","this study"
"021216DR515F","day7","day7_B9.WP02.4_021216DR515FSAM1-89d-pr_filt.fastq.gz","3_filtered/day7_B9.WP02.4_021216DR515FSAM1-89d-pr_filt.fastq.gz","WP02.4","WP","2","51.3222 N 0.61572 W","2013-11-28","this study"
"021216DR515F","day7","day7_B9.WYM39.4_021216DR515FSAM1-96f-pr_filt.fastq.gz","3_filtered/day7_B9.WYM39.4_021216DR515FSAM1-96f-pr_filt.fastq.gz","WYM39.4","WYM","39","51.7683 N 1.3329 W","2013-10-22","this study"
"021216DR515F","day7","day7_C1.CHE12.4_021216DR515FSAM1-96f-pr_filt.fastq.gz","3_filtered/day7_C1.CHE12.4_021216DR515FSAM1-96f-pr_filt.fastq.gz","CHE12.4","CHE","12","50.928 N 3.4796 W","2013-12-28","this study"
"021216DR515F","day7","day7_C1.WiW03.4_021216DR515FSAM1-89d-pr_filt.fastq.gz","3_filtered/day7_C1.WiW03.4_021216DR515FSAM1-89d-pr_filt.fastq.gz","WiW03.4","WiW","3","51.4117 N 0.6208 W","2013-09-18","this study"
"021216DR515F","day7","day7_C1.WYT03.4_021216DR515FSAM1-92-pr_filt.fastq.gz","3_filtered/day7_C1.WYT03.4_021216DR515FSAM1-92-pr_filt.fastq.gz","WYT03.4","WYT","3","51.7699 N 1.3299 W","2013-10-16","this study"
"021216DR515F","day7","day7_C10.CHE08.4_021216DR515FSAM1-96f-pr_filt.fastq.gz","3_filtered/day7_C10.CHE08.4_021216DR515FSAM1-96f-pr_filt.fastq.gz","CHE08.4","CHE","8","50.928 N 3.4796 W","2013-12-28","this study"
"021216DR515F","day7","day7_C10.OWW11.4_021216DR515FSAM1-92-pr_filt.fastq.gz","3_filtered/day7_C10.OWW11.4_021216DR515FSAM1-92-pr_filt.fastq.gz","OWW11.4","OWW","11","51.4497 N 0.5968 W","2013-09-26","this study"
"021216DR515F","day7","day7_C10.PH03.4_021216DR515FSAM1-88d-pr_filt.fastq.gz","3_filtered/day7_C10.PH03.4_021216DR515FSAM1-88d-pr_filt.fastq.gz","PH03.4","PH","3","51.5729 N 0.813001 W","2013-12-07","this study"
"021216DR515F","day7","day7_C10.WP11.4_021216DR515FSAM1-89d-pr_filt.fastq.gz","3_filtered/day7_C10.WP11.4_021216DR515FSAM1-89d-pr_filt.fastq.gz","WP11.4","WP","11","51.324101 N 0.615783 W","2013-11-28","this study"
"021216DR515F","day7","day7_C11.BWd03.4_021216DR515FSAM1-92-pr_filt.fastq.gz","3_filtered/day7_C11.BWd03.4_021216DR515FSAM1-92-pr_filt.fastq.gz","BWd03.4","BWd","3","51.1937 N 1.068 W","2013-10-03","this study"
"021216DR515F","day7","day7_C11.CHE11.4_021216DR515FSAM1-96f-pr_filt.fastq.gz","3_filtered/day7_C11.CHE11.4_021216DR515FSAM1-96f-pr_filt.fastq.gz","CHE11.4","CHE","11","50.928 N 3.4796 W","2013-12-28","this study"
"021216DR515F","day7","day7_C11.PH11.4_021216DR515FSAM1-88d-pr_filt.fastq.gz","3_filtered/day7_C11.PH11.4_021216DR515FSAM1-88d-pr_filt.fastq.gz","PH11.4","PH","11","51.57204 N 0.81328 W","2013-12-07","this study"
"021216DR515F","day7","day7_C11.SAC03.4_021216DR515FSAM1-89d-pr_filt.fastq.gz","3_filtered/day7_C11.SAC03.4_021216DR515FSAM1-89d-pr_filt.fastq.gz","SAC03.4","SAC","3","51.76896 N 0.34829 W","2013-12-03","this study"
"021216DR515F","day7","day7_C12.BB31.4_021216DR515FSAM1-96f-pr_filt.fastq.gz","3_filtered/day7_C12.BB31.4_021216DR515FSAM1-96f-pr_filt.fastq.gz","BB31.4","BB","31","51.5503 N 0.6335 W","2013-08-29","this study"
"021216DR515F","day7","day7_C12.PH19.4_021216DR515FSAM1-88d-pr_filt.fastq.gz","3_filtered/day7_C12.PH19.4_021216DR515FSAM1-88d-pr_filt.fastq.gz","PH19.4","PH","19","51.56965 N 0.81288 W","2013-12-07","this study"
"021216DR515F","day7","day7_C12.SAC11.4_021216DR515FSAM1-89d-pr_filt.fastq.gz","3_filtered/day7_C12.SAC11.4_021216DR515FSAM1-89d-pr_filt.fastq.gz","SAC11.4","SAC","11","51.76899 N 0.34911 W","2013-12-03","this study"
"021216DR515F","day7","day7_C12.WF03.4_021216DR515FSAM1-92-pr_filt.fastq.gz","3_filtered/day7_C12.WF03.4_021216DR515FSAM1-92-pr_filt.fastq.gz","WF03.4","WF","3","51.4474 N 0.64 W","2013-10-21","this study"
"021216DR515F","day7","day7_C2.BB11.4_021216DR515FSAM1-88d-pr_filt.fastq.gz","3_filtered/day7_C2.BB11.4_021216DR515FSAM1-88d-pr_filt.fastq.gz","BB11.4","BB","11","51.5591 N 0.6348 W","2013-08-20","this study"
"021216DR515F","day7","day7_C2.WiW11.4_021216DR515FSAM1-89d-pr_filt.fastq.gz","3_filtered/day7_C2.WiW11.4_021216DR515FSAM1-89d-pr_filt.fastq.gz","WiW11.4","WiW","11","51.4382 N 0.5997 W","2013-09-18","this study"
"021216DR515F","day7","day7_C2.WYT98.4_021216DR515FSAM1-96f-pr_filt.fastq.gz","3_filtered/day7_C2.WYT98.4_021216DR515FSAM1-96f-pr_filt.fastq.gz","WYT98.4","WYT","98","51.7728 N 1.337 W","2013-10-25","this study"
"021216DR515F","day7","day7_C3.WiW19.4_021216DR515FSAM1-89d-pr_filt.fastq.gz","3_filtered/day7_C3.WiW19.4_021216DR515FSAM1-89d-pr_filt.fastq.gz","WiW19.4","WiW","19","51.4415 N 0.5997 W","2013-09-18","this study"
"021216DR515F","day7","day7_C3.WYT19.4_021216DR515FSAM1-92-pr_filt.fastq.gz","3_filtered/day7_C3.WYT19.4_021216DR515FSAM1-92-pr_filt.fastq.gz","WYT19.4","WYT","19","51.7697 N 1.3295 W","2013-10-22","this study"
"021216DR515F","day7","day7_C3.WYT35.4_021216DR515FSAM1-96f-pr_filt.fastq.gz","3_filtered/day7_C3.WYT35.4_021216DR515FSAM1-96f-pr_filt.fastq.gz","WYT35.4","WYT","35","51.769 N 1.3291 W","2013-10-22","this study"
"021216DR515F","day7","day7_C4.RDM01.4_021216DR515FSAM1-96f-pr_filt.fastq.gz","3_filtered/day7_C4.RDM01.4_021216DR515FSAM1-96f-pr_filt.fastq.gz","RDM01.4","RDM","1","51.4098 N 0.6486 W","2013-09-25","this study"
"021216DR515F","day7","day7_C4.WiW27.4_021216DR515FSAM1-89d-pr_filt.fastq.gz","3_filtered/day7_C4.WiW27.4_021216DR515FSAM1-89d-pr_filt.fastq.gz","WiW27.4","WiW","27","51.4416 N 0.6009 W","2013-09-18","this study"
"021216DR515F","day7","day7_C4.WYT27.4_021216DR515FSAM1-92-pr_filt.fastq.gz","3_filtered/day7_C4.WYT27.4_021216DR515FSAM1-92-pr_filt.fastq.gz","WYT27.4","WYT","27","51.7694 N 1.3297 W","2013-10-22","this study"
"021216DR515F","day7","day7_C5.WEL03.4_021216DR515FSAM1-88d-pr_filt.fastq.gz","3_filtered/day7_C5.WEL03.4_021216DR515FSAM1-88d-pr_filt.fastq.gz","WEL03.4","WEL","3","50.9459 N 3.2072 W","2013-12-29","this study"
"021216DR515F","day7","day7_C5.WiW35.4_021216DR515FSAM1-89d-pr_filt.fastq.gz","3_filtered/day7_C5.WiW35.4_021216DR515FSAM1-89d-pr_filt.fastq.gz","WiW35.4","WiW","35","51.4418 N 0.6018 W","2013-09-18","this study"
"021216DR515F","day7","day7_C6.AE110.4_021216DR515FSAM1-96f-pr_filt.fastq.gz","3_filtered/day7_C6.AE110.4_021216DR515FSAM1-96f-pr_filt.fastq.gz","AE110.4","AE","110","51.79537 N 0.56065 W","2013-11-18","this study"
"021216DR515F","day7","day7_C6.WEL11.4_021216DR515FSAM1-88d-pr_filt.fastq.gz","3_filtered/day7_C6.WEL11.4_021216DR515FSAM1-88d-pr_filt.fastq.gz","WEL11.4","WEL","11","50.9466 N 3.2077 W","2013-12-29","this study"
"021216DR515F","day7","day7_C6.WiW43.4_021216DR515FSAM1-89d-pr_filt.fastq.gz","3_filtered/day7_C6.WiW43.4_021216DR515FSAM1-89d-pr_filt.fastq.gz","WiW43.4","WiW","43","51.4427 N 0.6017 W","2013-09-18","this study"
"021216DR515F","day7","day7_C6.WYT43.4_021216DR515FSAM1-92-pr_filt.fastq.gz","3_filtered/day7_C6.WYT43.4_021216DR515FSAM1-92-pr_filt.fastq.gz","WYT43.4","WYT","43","51.7687 N 1.3285 W","2013-10-22","this study"
"021216DR515F","day7","day7_C7.CHE09.4_021216DR515FSAM1-96f-pr_filt.fastq.gz","3_filtered/day7_C7.CHE09.4_021216DR515FSAM1-96f-pr_filt.fastq.gz","CHE09.4","CHE","9","50.928 N 3.4796 W","2013-12-28","this study"
"021216DR515F","day7","day7_C7.WEL19.4_021216DR515FSAM1-88d-pr_filt.fastq.gz","3_filtered/day7_C7.WEL19.4_021216DR515FSAM1-88d-pr_filt.fastq.gz","WEL19.4","WEL","19","50.9454 N 3.2104 W","2013-12-29","this study"
"021216DR515F","day7","day7_C7.WiW51.4_021216DR515FSAM1-89d-pr_filt.fastq.gz","3_filtered/day7_C7.WiW51.4_021216DR515FSAM1-89d-pr_filt.fastq.gz","WiW51.4","WiW","51","51.4425 N 0.5952 W","2013-09-18","this study"
"021216DR515F","day7","day7_C7.WYT51.4_021216DR515FSAM1-92-pr_filt.fastq.gz","3_filtered/day7_C7.WYT51.4_021216DR515FSAM1-92-pr_filt.fastq.gz","WYT51.4","WYT","51","51.7684 N 1.3327 W","2013-10-22","this study"
"021216DR515F","day7","day7_C8.LW01.4_021216DR515FSAM1-88d-pr_filt.fastq.gz","3_filtered/day7_C8.LW01.4_021216DR515FSAM1-88d-pr_filt.fastq.gz","LW01.4","LW","1","51.4226 N 0.6406 W","2013-09-12","this study"
"021216DR515F","day7","day7_C8.SP06.4_021216DR515FSAM1-96f-pr_filt.fastq.gz","3_filtered/day7_C8.SP06.4_021216DR515FSAM1-96f-pr_filt.fastq.gz","SP06.4","SP","6","51.412 N 0.6459 W","2013-09-11","this study"
"021216DR515F","day7","day7_C8.WYT59.4_021216DR515FSAM1-92-pr_filt.fastq.gz","3_filtered/day7_C8.WYT59.4_021216DR515FSAM1-92-pr_filt.fastq.gz","WYT59.4","WYT","59","51.7687 N 1.3358 W","2013-10-22","this study"
"021216DR515F","day7","day7_C9.AE116.4_021216DR515FSAM1-96f-pr_filt.fastq.gz","3_filtered/day7_C9.AE116.4_021216DR515FSAM1-96f-pr_filt.fastq.gz","AE116.4","AE","116","51.7962 N 0.5654 W","2013-11-21","this study"
"021216DR515F","day7","day7_C9.LW09.4_021216DR515FSAM1-88d-pr_filt.fastq.gz","3_filtered/day7_C9.LW09.4_021216DR515FSAM1-88d-pr_filt.fastq.gz","LW09.4","LW","9","51.4239 N 0.6403 W","2013-09-12","this study"
"021216DR515F","day7","day7_C9.OWW03.4_021216DR515FSAM1-92-pr_filt.fastq.gz","3_filtered/day7_C9.OWW03.4_021216DR515FSAM1-92-pr_filt.fastq.gz","OWW03.4","OWW","3","51.4503 N 0.5946 W","2013-09-26","this study"
"021216DR515F","day7","day7_C9.WP03.4_021216DR515FSAM1-89d-pr_filt.fastq.gz","3_filtered/day7_C9.WP03.4_021216DR515FSAM1-89d-pr_filt.fastq.gz","WP03.4","WP","3","51.32235 N 0.615685 W","2013-11-28","this study"
"021216DR515F","day7","day7_D1.BB04.4_021216DR515FSAM1-88d-pr_filt.fastq.gz","3_filtered/day7_D1.BB04.4_021216DR515FSAM1-88d-pr_filt.fastq.gz","BB04.4","BB","4","51.5575 N 0.6333 W","2013-08-20","this study"
"021216DR515F","day7","day7_D1.BB13.4_021216DR515FSAM1-96f-pr_filt.fastq.gz","3_filtered/day7_D1.BB13.4_021216DR515FSAM1-96f-pr_filt.fastq.gz","BB13.4","BB","13","51.5595 N 0.6349 W","2013-08-20","this study"
"021216DR515F","day7","day7_D1.WiW04.4_021216DR515FSAM1-89d-pr_filt.fastq.gz","3_filtered/day7_D1.WiW04.4_021216DR515FSAM1-89d-pr_filt.fastq.gz","WiW04.4","WiW","4","51.4117 N 0.6208 W","2013-09-18","this study"
"021216DR515F","day7","day7_D1.WYT04.4_021216DR515FSAM1-92-pr_filt.fastq.gz","3_filtered/day7_D1.WYT04.4_021216DR515FSAM1-92-pr_filt.fastq.gz","WYT04.4","WYT","4","51.7664 N 1.3295 W","2013-10-16","this study"
"021216DR515F","day7","day7_D10.BB28.4_021216DR515FSAM1-96f-pr_filt.fastq.gz","3_filtered/day7_D10.BB28.4_021216DR515FSAM1-96f-pr_filt.fastq.gz","BB28.4","BB","28","51.5509 N 0.6322 W","2013-08-29","this study"
"021216DR515F","day7","day7_D10.OWW12.4_021216DR515FSAM1-92-pr_filt.fastq.gz","3_filtered/day7_D10.OWW12.4_021216DR515FSAM1-92-pr_filt.fastq.gz","OWW12.4","OWW","12","51.4497 N 0.5968 W","2013-09-26","this study"
"021216DR515F","day7","day7_D10.PH04.4_021216DR515FSAM1-88d-pr_filt.fastq.gz","3_filtered/day7_D10.PH04.4_021216DR515FSAM1-88d-pr_filt.fastq.gz","PH04.4","PH","4","51.5724 N 0.81085 W","2013-12-07","this study"
"021216DR515F","day7","day7_D10.WP12.4_021216DR515FSAM1-89d-pr_filt.fastq.gz","3_filtered/day7_D10.WP12.4_021216DR515FSAM1-89d-pr_filt.fastq.gz","WP12.4","WP","12","51.323843 N 0.615964 W","2013-11-28","this study"
"021216DR515F","day7","day7_D11.BWd04.4_021216DR515FSAM1-92-pr_filt.fastq.gz","3_filtered/day7_D11.BWd04.4_021216DR515FSAM1-92-pr_filt.fastq.gz","BWd04.4","BWd","4","51.1936 N 1.0689 W","2013-10-03","this study"
"021216DR515F","day7","day7_D11.PH12.4_021216DR515FSAM1-88d-pr_filt.fastq.gz","3_filtered/day7_D11.PH12.4_021216DR515FSAM1-88d-pr_filt.fastq.gz","PH12.4","PH","12","51.57187 N 0.81388 W","2013-12-07","this study"
"021216DR515F","day7","day7_D11.SAC04.4_021216DR515FSAM1-89d-pr_filt.fastq.gz","3_filtered/day7_D11.SAC04.4_021216DR515FSAM1-89d-pr_filt.fastq.gz","SAC04.4","SAC","4","51.76896 N 0.34829 W","2013-12-03","this study"
"021216DR515F","day7","day7_D11.WYC41.4_021216DR515FSAM1-96f-pr_filt.fastq.gz","3_filtered/day7_D11.WYC41.4_021216DR515FSAM1-96f-pr_filt.fastq.gz","WYC41.4","WYC","41","51.7685 N 1.336 W","2013-10-22","this study"
"021216DR515F","day7","day7_D12.AE75.4_021216DR515FSAM1-96f-pr_filt.fastq.gz","3_filtered/day7_D12.AE75.4_021216DR515FSAM1-96f-pr_filt.fastq.gz","AE75.4","AE","75","51.79052 N 0.55762 W","2013-11-18","this study"
"021216DR515F","day7","day7_D12.PH20.4_021216DR515FSAM1-88d-pr_filt.fastq.gz","3_filtered/day7_D12.PH20.4_021216DR515FSAM1-88d-pr_filt.fastq.gz","PH20.4","PH","20","51.56965 N 0.81288 W","2013-12-07","this study"
"021216DR515F","day7","day7_D12.SAC12.4_021216DR515FSAM1-89d-pr_filt.fastq.gz","3_filtered/day7_D12.SAC12.4_021216DR515FSAM1-89d-pr_filt.fastq.gz","SAC12.4","SAC","12","51.76921 N 0.34959 W","2013-12-03","this study"
"021216DR515F","day7","day7_D12.WF04.4_021216DR515FSAM1-92-pr_filt.fastq.gz","3_filtered/day7_D12.WF04.4_021216DR515FSAM1-92-pr_filt.fastq.gz","WF04.4","WF","4","51.4473 N 0.6383 W","2013-10-21","this study"
"021216DR515F","day7","day7_D2.BB12.4_021216DR515FSAM1-88d-pr_filt.fastq.gz","3_filtered/day7_D2.BB12.4_021216DR515FSAM1-88d-pr_filt.fastq.gz","BB12.4","BB","12","51.559 N 0.6349 W","2013-08-20","this study"
"021216DR515F","day7","day7_D2.WiW12.4_021216DR515FSAM1-89d-pr_filt.fastq.gz","3_filtered/day7_D2.WiW12.4_021216DR515FSAM1-89d-pr_filt.fastq.gz","WiW12.4","WiW","12","51.4412 N 0.5998 W","2013-09-18","this study"
"021216DR515F","day7","day7_D2.WYM21.4_021216DR515FSAM1-96f-pr_filt.fastq.gz","3_filtered/day7_D2.WYM21.4_021216DR515FSAM1-96f-pr_filt.fastq.gz","WYM21.4","WYM","21","51.7687 N 1.3285 W","2013-10-22","this study"
"021216DR515F","day7","day7_D3.BB20.4_021216DR515FSAM1-88d-pr_filt.fastq.gz","3_filtered/day7_D3.BB20.4_021216DR515FSAM1-88d-pr_filt.fastq.gz","BB20.4","BB","20","51.5571 N 0.6353 W","2013-08-20","this study"
"021216DR515F","day7","day7_D3.WiW20.4_021216DR515FSAM1-89d-pr_filt.fastq.gz","3_filtered/day7_D3.WiW20.4_021216DR515FSAM1-89d-pr_filt.fastq.gz","WiW20.4","WiW","20","51.4417 N 0.6 W","2013-09-18","this study"
"021216DR515F","day7","day7_D3.WYM27.4_021216DR515FSAM1-96f-pr_filt.fastq.gz","3_filtered/day7_D3.WYM27.4_021216DR515FSAM1-96f-pr_filt.fastq.gz","WYM27.4","WYM","27","51.7685 N 1.3281 W","2013-10-22","this study"
"021216DR515F","day7","day7_D3.WYT20.4_021216DR515FSAM1-92-pr_filt.fastq.gz","3_filtered/day7_D3.WYT20.4_021216DR515FSAM1-92-pr_filt.fastq.gz","WYT20.4","WYT","20","51.7697 N 1.3295 W","2013-10-22","this study"
"021216DR515F","day7","day7_D4.WiW28.4_021216DR515FSAM1-89d-pr_filt.fastq.gz","3_filtered/day7_D4.WiW28.4_021216DR515FSAM1-89d-pr_filt.fastq.gz","WiW28.4","WiW","28","51.4417 N 0.6007 W","2013-09-18","this study"
"021216DR515F","day7","day7_D4.WYM25.4_021216DR515FSAM1-96f-pr_filt.fastq.gz","3_filtered/day7_D4.WYM25.4_021216DR515FSAM1-96f-pr_filt.fastq.gz","WYM25.4","WYM","25","51.7685 N 1.3281 W","2013-10-22","this study"
"021216DR515F","day7","day7_D4.WYT28.4_021216DR515FSAM1-92-pr_filt.fastq.gz","3_filtered/day7_D4.WYT28.4_021216DR515FSAM1-92-pr_filt.fastq.gz","WYT28.4","WYT","28","51.7694 N 1.3296 W","2013-10-22","this study"
"021216DR515F","day7","day7_D5.BB35.4_021216DR515FSAM1-96f-pr_filt.fastq.gz","3_filtered/day7_D5.BB35.4_021216DR515FSAM1-96f-pr_filt.fastq.gz","BB35.4","BB","35","51.551 N 0.6327 W","2013-08-29","this study"
"021216DR515F","day7","day7_D5.WEL04.4_021216DR515FSAM1-88d-pr_filt.fastq.gz","3_filtered/day7_D5.WEL04.4_021216DR515FSAM1-88d-pr_filt.fastq.gz","WEL04.4","WEL","4","50.9459 N 3.2072 W","2013-12-29","this study"
"021216DR515F","day7","day7_D5.WiW36.4_021216DR515FSAM1-89d-pr_filt.fastq.gz","3_filtered/day7_D5.WiW36.4_021216DR515FSAM1-89d-pr_filt.fastq.gz","WiW36.4","WiW","36","51.4418 N 0.6018 W","2013-09-18","this study"
"021216DR515F","day7","day7_D5.WYT36.4_021216DR515FSAM1-92-pr_filt.fastq.gz","3_filtered/day7_D5.WYT36.4_021216DR515FSAM1-92-pr_filt.fastq.gz","WYT36.4","WYT","36","51.769 N 1.3291 W","2013-10-22","this study"
"021216DR515F","day7","day7_D6.WEL12.4_021216DR515FSAM1-88d-pr_filt.fastq.gz","3_filtered/day7_D6.WEL12.4_021216DR515FSAM1-88d-pr_filt.fastq.gz","WEL12.4","WEL","12","50.9466 N 3.2077 W","2013-12-29","this study"
"021216DR515F","day7","day7_D6.WiW44.4_021216DR515FSAM1-89d-pr_filt.fastq.gz","3_filtered/day7_D6.WiW44.4_021216DR515FSAM1-89d-pr_filt.fastq.gz","WiW44.4","WiW","44","51.4426 N 0.6017 W","2013-09-18","this study"
"021216DR515F","day7","day7_D6.WYC15.4_021216DR515FSAM1-96f-pr_filt.fastq.gz","3_filtered/day7_D6.WYC15.4_021216DR515FSAM1-96f-pr_filt.fastq.gz","WYC15.4","WYC","15","51.7688 N 1.3299 W","2013-10-22","this study"
"021216DR515F","day7","day7_D6.WYT44.4_021216DR515FSAM1-92-pr_filt.fastq.gz","3_filtered/day7_D6.WYT44.4_021216DR515FSAM1-92-pr_filt.fastq.gz","WYT44.4","WYT","44","51.7687 N 1.3285 W","2013-10-22","this study"
"021216DR515F","day7","day7_D7.WEL20.4_021216DR515FSAM1-88d-pr_filt.fastq.gz","3_filtered/day7_D7.WEL20.4_021216DR515FSAM1-88d-pr_filt.fastq.gz","WEL20.4","WEL","20","50.9796 N 3.2328 W","2013-12-29","this study"
"021216DR515F","day7","day7_D7.WiW52.4_021216DR515FSAM1-89d-pr_filt.fastq.gz","3_filtered/day7_D7.WiW52.4_021216DR515FSAM1-89d-pr_filt.fastq.gz","WiW52.4","WiW","52","51.4425 N 0.5952 W","2013-09-18","this study"
"021216DR515F","day7","day7_D7.WYM29.4_021216DR515FSAM1-96f-pr_filt.fastq.gz","3_filtered/day7_D7.WYM29.4_021216DR515FSAM1-96f-pr_filt.fastq.gz","WYM29.4","WYM","29","51.7685 N 1.3281 W","2013-10-22","this study"
"021216DR515F","day7","day7_D7.WYT52.4_021216DR515FSAM1-92-pr_filt.fastq.gz","3_filtered/day7_D7.WYT52.4_021216DR515FSAM1-92-pr_filt.fastq.gz","WYT52.4","WYT","52","51.7684 N 1.3327 W","2013-10-22","this study"
"021216DR515F","day7","day7_D8.LW02.4_021216DR515FSAM1-88d-pr_filt.fastq.gz","3_filtered/day7_D8.LW02.4_021216DR515FSAM1-88d-pr_filt.fastq.gz","LW02.4","LW","2","51.4231 N 0.6396 W","2013-09-12","this study"
"021216DR515F","day7","day7_D8.WYC14.4_021216DR515FSAM1-96f-pr_filt.fastq.gz","3_filtered/day7_D8.WYC14.4_021216DR515FSAM1-96f-pr_filt.fastq.gz","WYC14.4","WYC","14","51.7693 N 1.3292 W","2013-10-22","this study"
"021216DR515F","day7","day7_D8.WYT60.4_021216DR515FSAM1-92-pr_filt.fastq.gz","3_filtered/day7_D8.WYT60.4_021216DR515FSAM1-92-pr_filt.fastq.gz","WYT60.4","WYT","60","51.7686 N 1.3358 W","2013-10-22","this study"
"021216DR515F","day7","day7_D9.CHE10.4_021216DR515FSAM1-96f-pr_filt.fastq.gz","3_filtered/day7_D9.CHE10.4_021216DR515FSAM1-96f-pr_filt.fastq.gz","CHE10.4","CHE","10","50.928 N 3.4796 W","2013-12-28","this study"
"021216DR515F","day7","day7_D9.LW10.4_021216DR515FSAM1-88d-pr_filt.fastq.gz","3_filtered/day7_D9.LW10.4_021216DR515FSAM1-88d-pr_filt.fastq.gz","LW10.4","LW","10","51.4239 N 0.6403 W","2013-09-12","this study"
"021216DR515F","day7","day7_D9.OWW04.4_021216DR515FSAM1-92-pr_filt.fastq.gz","3_filtered/day7_D9.OWW04.4_021216DR515FSAM1-92-pr_filt.fastq.gz","OWW04.4","OWW","4","51.4502 N 0.5959 W","2013-09-26","this study"
"021216DR515F","day7","day7_D9.WP04.4_021216DR515FSAM1-89d-pr_filt.fastq.gz","3_filtered/day7_D9.WP04.4_021216DR515FSAM1-89d-pr_filt.fastq.gz","WP04.4","WP","4","51.32235 N 0.615425 W","2013-11-28","this study"
"021216DR515F","day7","day7_E1.BB05.4_021216DR515FSAM1-88d-pr_filt.fastq.gz","3_filtered/day7_E1.BB05.4_021216DR515FSAM1-88d-pr_filt.fastq.gz","BB05.4","BB","5","51.5575 N 0.634 W","2013-08-20","this study"
"021216DR515F","day7","day7_E1.BB19.4_021216DR515FSAM1-96f-pr_filt.fastq.gz","3_filtered/day7_E1.BB19.4_021216DR515FSAM1-96f-pr_filt.fastq.gz","BB19.4","BB","19","51.5565 N 0.6352 W","2013-08-20","this study"
"021216DR515F","day7","day7_E1.WiW05.4_021216DR515FSAM1-89d-pr_filt.fastq.gz","3_filtered/day7_E1.WiW05.4_021216DR515FSAM1-89d-pr_filt.fastq.gz","WiW05.4","WiW","5","51.4117 N 0.6208 W","2013-09-18","this study"
"021216DR515F","day7","day7_E1.WYT05.4_021216DR515FSAM1-92-pr_filt.fastq.gz","3_filtered/day7_E1.WYT05.4_021216DR515FSAM1-92-pr_filt.fastq.gz","WYT05.4","WYT","5","51.7664 N 1.3295 W","2013-10-16","this study"
"021216DR515F","day7","day7_E10.AE26.4_021216DR515FSAM1-96f-pr_filt.fastq.gz","3_filtered/day7_E10.AE26.4_021216DR515FSAM1-96f-pr_filt.fastq.gz","AE26.4","AE","26","51.78573 N 0.55218 W","2013-10-30","this study"
"021216DR515F","day7","day7_E10.OWW13.4_021216DR515FSAM1-92-pr_filt.fastq.gz","3_filtered/day7_E10.OWW13.4_021216DR515FSAM1-92-pr_filt.fastq.gz","OWW13.4","OWW","13","51.4482 N 0.5903 W","2013-09-26","this study"
"021216DR515F","day7","day7_E10.PH05.4_021216DR515FSAM1-88d-pr_filt.fastq.gz","3_filtered/day7_E10.PH05.4_021216DR515FSAM1-88d-pr_filt.fastq.gz","PH05.4","PH","5","51.57234 N 0.81134 W","2013-12-07","this study"
"021216DR515F","day7","day7_E10.WP13.4_021216DR515FSAM1-89d-pr_filt.fastq.gz","3_filtered/day7_E10.WP13.4_021216DR515FSAM1-89d-pr_filt.fastq.gz","WP13.4","WP","13","51.323928 N 0.612627 W","2013-11-28","this study"
"021216DR515F","day7","day7_E11.BWd05.4_021216DR515FSAM1-92-pr_filt.fastq.gz","3_filtered/day7_E11.BWd05.4_021216DR515FSAM1-92-pr_filt.fastq.gz","BWd05.4","BWd","5","51.1936 N 1.0689 W","2013-10-03","this study"
"021216DR515F","day7","day7_E11.CHE02.4_021216DR515FSAM1-96f-pr_filt.fastq.gz","3_filtered/day7_E11.CHE02.4_021216DR515FSAM1-96f-pr_filt.fastq.gz","CHE02.4","CHE","2","50.9228 N 3.4745 W","2013-12-28","this study"
"021216DR515F","day7","day7_E11.PH13.4_021216DR515FSAM1-88d-pr_filt.fastq.gz","3_filtered/day7_E11.PH13.4_021216DR515FSAM1-88d-pr_filt.fastq.gz","PH13.4","PH","13","51.57283 N 0.81347 W","2013-12-07","this study"
"021216DR515F","day7","day7_E11.SAC05.4_021216DR515FSAM1-89d-pr_filt.fastq.gz","3_filtered/day7_E11.SAC05.4_021216DR515FSAM1-89d-pr_filt.fastq.gz","SAC05.4","SAC","5","51.76896 N 0.34829 W","2013-12-03","this study"
"021216DR515F","day7","day7_E12.AE100.4_021216DR515FSAM1-96f-pr_filt.fastq.gz","3_filtered/day7_E12.AE100.4_021216DR515FSAM1-96f-pr_filt.fastq.gz","AE100.4","AE","100","51.79431 N 0.56121 W","2013-11-18","this study"
"021216DR515F","day7","day7_E12.PH21.4_021216DR515FSAM1-88d-pr_filt.fastq.gz","3_filtered/day7_E12.PH21.4_021216DR515FSAM1-88d-pr_filt.fastq.gz","PH21.4","PH","21","51.56911 N 0.81275 W","2013-12-07","this study"
"021216DR515F","day7","day7_E12.SAC13.4_021216DR515FSAM1-89d-pr_filt.fastq.gz","3_filtered/day7_E12.SAC13.4_021216DR515FSAM1-89d-pr_filt.fastq.gz","SAC13.4","SAC","13","51.76928 N 0.34986 W","2013-12-03","this study"
"021216DR515F","day7","day7_E12.WF05.4_021216DR515FSAM1-92-pr_filt.fastq.gz","3_filtered/day7_E12.WF05.4_021216DR515FSAM1-92-pr_filt.fastq.gz","WF05.4","WF","5","51.4473 N 0.6392 W","2013-10-21","this study"
"021216DR515F","day7","day7_E2.WiW13.4_021216DR515FSAM1-89d-pr_filt.fastq.gz","3_filtered/day7_E2.WiW13.4_021216DR515FSAM1-89d-pr_filt.fastq.gz","WiW13.4","WiW","13","51.4412 N 0.5998 W","2013-09-18","this study"
"021216DR515F","day7","day7_E2.WYM22.4_021216DR515FSAM1-96f-pr_filt.fastq.gz","3_filtered/day7_E2.WYM22.4_021216DR515FSAM1-96f-pr_filt.fastq.gz","WYM22.4","WYM","22","51.7685 N 1.3281 W","2013-10-22","this study"
"021216DR515F","day7","day7_E2.WYT13.4_021216DR515FSAM1-92-pr_filt.fastq.gz","3_filtered/day7_E2.WYT13.4_021216DR515FSAM1-92-pr_filt.fastq.gz","WYT13.4","WYT","13","51.7673 N 1.3299 W","2013-10-16","this study"
"021216DR515F","day7","day7_E3.BB21.4_021216DR515FSAM1-88d-pr_filt.fastq.gz","3_filtered/day7_E3.BB21.4_021216DR515FSAM1-88d-pr_filt.fastq.gz","BB21.4","BB","21","51.5578 N 0.6359 W","2013-08-20","this study"
"021216DR515F","day7","day7_E3.BB61.4_021216DR515FSAM1-96f-pr_filt.fastq.gz","3_filtered/day7_E3.BB61.4_021216DR515FSAM1-96f-pr_filt.fastq.gz","BB61.4","BB","61","51.559 N 0.6287 W","2013-08-29","this study"
"021216DR515F","day7","day7_E3.WiW21.4_021216DR515FSAM1-89d-pr_filt.fastq.gz","3_filtered/day7_E3.WiW21.4_021216DR515FSAM1-89d-pr_filt.fastq.gz","WiW21.4","WiW","21","51.4416 N 0.5999 W","2013-09-18","this study"
"021216DR515F","day7","day7_E3.WYT21.4_021216DR515FSAM1-92-pr_filt.fastq.gz","3_filtered/day7_E3.WYT21.4_021216DR515FSAM1-92-pr_filt.fastq.gz","WYT21.4","WYT","21","51.7697 N 1.3295 W","2013-10-22","this study"
"021216DR515F","day7","day7_E4.AE05.4_021216DR515FSAM1-96f-pr_filt.fastq.gz","3_filtered/day7_E4.AE05.4_021216DR515FSAM1-96f-pr_filt.fastq.gz","AE05.4","AE","5","51.78622 N 0.55194 W","2013-10-30","this study"
"021216DR515F","day7","day7_E4.WiW29.4_021216DR515FSAM1-89d-pr_filt.fastq.gz","3_filtered/day7_E4.WiW29.4_021216DR515FSAM1-89d-pr_filt.fastq.gz","WiW29.4","WiW","29","51.4417 N 0.6007 W","2013-09-18","this study"
"021216DR515F","day7","day7_E4.WYT29.4_021216DR515FSAM1-92-pr_filt.fastq.gz","3_filtered/day7_E4.WYT29.4_021216DR515FSAM1-92-pr_filt.fastq.gz","WYT29.4","WYT","29","51.7693 N 1.3294 W","2013-10-22","this study"
"021216DR515F","day7","day7_E5.SP07.4_021216DR515FSAM1-96f-pr_filt.fastq.gz","3_filtered/day7_E5.SP07.4_021216DR515FSAM1-96f-pr_filt.fastq.gz","SP07.4","SP","7","51.412 N 0.6459 W","2013-09-11","this study"
"021216DR515F","day7","day7_E5.WEL05.4_021216DR515FSAM1-88d-pr_filt.fastq.gz","3_filtered/day7_E5.WEL05.4_021216DR515FSAM1-88d-pr_filt.fastq.gz","WEL05.4","WEL","5","50.9462 N 3.2073 W","2013-12-29","this study"
"021216DR515F","day7","day7_E5.WiW37.4_021216DR515FSAM1-89d-pr_filt.fastq.gz","3_filtered/day7_E5.WiW37.4_021216DR515FSAM1-89d-pr_filt.fastq.gz","WiW37.4","WiW","37","51.442 N 0.6019 W","2013-09-18","this study"
"021216DR515F","day7","day7_E5.WYT37.4_021216DR515FSAM1-92-pr_filt.fastq.gz","3_filtered/day7_E5.WYT37.4_021216DR515FSAM1-92-pr_filt.fastq.gz","WYT37.4","WYT","37","51.7689 N 1.3291 W","2013-10-22","this study"
"021216DR515F","day7","day7_E6.WEL13.4_021216DR515FSAM1-88d-pr_filt.fastq.gz","3_filtered/day7_E6.WEL13.4_021216DR515FSAM1-88d-pr_filt.fastq.gz","WEL13.4","WEL","13","50.9454 N 3.2104 W","2013-12-29","this study"
"021216DR515F","day7","day7_E6.WiW45.4_021216DR515FSAM1-89d-pr_filt.fastq.gz","3_filtered/day7_E6.WiW45.4_021216DR515FSAM1-89d-pr_filt.fastq.gz","WiW45.4","WiW","45","51.443 N 0.6016 W","2013-09-18","this study"
"021216DR515F","day7","day7_E6.WYT116.4_021216DR515FSAM1-96f-pr_filt.fastq.gz","3_filtered/day7_E6.WYT116.4_021216DR515FSAM1-96f-pr_filt.fastq.gz","WYT116.4","WYT","116","51.772 N 1.3364 W","2013-10-25","this study"
"021216DR515F","day7","day7_E6.WYT45.4_021216DR515FSAM1-92-pr_filt.fastq.gz","3_filtered/day7_E6.WYT45.4_021216DR515FSAM1-92-pr_filt.fastq.gz","WYT45.4","WYT","45","51.7688 N 1.3288 W","2013-10-22","this study"
"021216DR515F","day7","day7_E7.CHE06.4_021216DR515FSAM1-96f-pr_filt.fastq.gz","3_filtered/day7_E7.CHE06.4_021216DR515FSAM1-96f-pr_filt.fastq.gz","CHE06.4","CHE","6","50.9231 N 3.474 W","2013-12-28","this study"
"021216DR515F","day7","day7_E7.WEL21.4_021216DR515FSAM1-88d-pr_filt.fastq.gz","3_filtered/day7_E7.WEL21.4_021216DR515FSAM1-88d-pr_filt.fastq.gz","WEL21.4","WEL","21","50.9448 N 3.2115 W","2013-12-29","this study"
"021216DR515F","day7","day7_E7.WiW53.4_021216DR515FSAM1-89d-pr_filt.fastq.gz","3_filtered/day7_E7.WiW53.4_021216DR515FSAM1-89d-pr_filt.fastq.gz","WiW53.4","WiW","53","51.4425 N 0.5952 W","2013-09-18","this study"
"021216DR515F","day7","day7_E7.WYT53.4_021216DR515FSAM1-92-pr_filt.fastq.gz","3_filtered/day7_E7.WYT53.4_021216DR515FSAM1-92-pr_filt.fastq.gz","WYT53.4","WYT","53","51.7684 N 1.3327 W","2013-10-22","this study"
"021216DR515F","day7","day7_E8.AE121.4_021216DR515FSAM1-96f-pr_filt.fastq.gz","3_filtered/day7_E8.AE121.4_021216DR515FSAM1-96f-pr_filt.fastq.gz","AE121.4","AE","121","51.79706 N 0.56418 W","2013-11-21","this study"
"021216DR515F","day7","day7_E8.LW03.4_021216DR515FSAM1-88d-pr_filt.fastq.gz","3_filtered/day7_E8.LW03.4_021216DR515FSAM1-88d-pr_filt.fastq.gz","LW03.4","LW","3","51.4239 N 0.6381 W","2013-09-12","this study"
"021216DR515F","day7","day7_E8.WYT61.4_021216DR515FSAM1-92-pr_filt.fastq.gz","3_filtered/day7_E8.WYT61.4_021216DR515FSAM1-92-pr_filt.fastq.gz","WYT61.4","WYT","61","51.7686 N 1.3358 W","2013-10-22","this study"
"021216DR515F","day7","day7_E9.BB42.4_021216DR515FSAM1-96f-pr_filt.fastq.gz","3_filtered/day7_E9.BB42.4_021216DR515FSAM1-96f-pr_filt.fastq.gz","BB42.4","BB","42","51.5579 N 0.6307 W","2013-08-29","this study"
"021216DR515F","day7","day7_E9.LW11.4_021216DR515FSAM1-88d-pr_filt.fastq.gz","3_filtered/day7_E9.LW11.4_021216DR515FSAM1-88d-pr_filt.fastq.gz","LW11.4","LW","11","51.4239 N 0.6403 W","2013-09-12","this study"
"021216DR515F","day7","day7_E9.OWW05.4_021216DR515FSAM1-92-pr_filt.fastq.gz","3_filtered/day7_E9.OWW05.4_021216DR515FSAM1-92-pr_filt.fastq.gz","OWW05.4","OWW","5","51.45 N 0.5968 W","2013-09-26","this study"
"021216DR515F","day7","day7_E9.WP05.4_021216DR515FSAM1-89d-pr_filt.fastq.gz","3_filtered/day7_E9.WP05.4_021216DR515FSAM1-89d-pr_filt.fastq.gz","WP05.4","WP","5","51.32235 N 0.615425 W","2013-11-28","this study"
"021216DR515F","day7","day7_F1.BB06.4_021216DR515FSAM1-88d-pr_filt.fastq.gz","3_filtered/day7_F1.BB06.4_021216DR515FSAM1-88d-pr_filt.fastq.gz","BB06.4","BB","6","51.5574 N 0.6325 W","2013-08-20","this study"
"021216DR515F","day7","day7_F1.CHE01.4_021216DR515FSAM1-96f-pr_filt.fastq.gz","3_filtered/day7_F1.CHE01.4_021216DR515FSAM1-96f-pr_filt.fastq.gz","CHE01.4","CHE","1","50.9228 N 3.4745 W","2013-12-28","this study"
"021216DR515F","day7","day7_F1.WiW06.4_021216DR515FSAM1-89d-pr_filt.fastq.gz","3_filtered/day7_F1.WiW06.4_021216DR515FSAM1-89d-pr_filt.fastq.gz","WiW06.4","WiW","6","51.4381 N 0.6003 W","2013-09-18","this study"
"021216DR515F","day7","day7_F1.WYT06.4_021216DR515FSAM1-92-pr_filt.fastq.gz","3_filtered/day7_F1.WYT06.4_021216DR515FSAM1-92-pr_filt.fastq.gz","WYT06.4","WYT","6","51.7664 N 1.3295 W","2013-10-16","this study"
"021216DR515F","day7","day7_F10.AE52.4_021216DR515FSAM1-96f-pr_filt.fastq.gz","3_filtered/day7_F10.AE52.4_021216DR515FSAM1-96f-pr_filt.fastq.gz","AE52.4","AE","52","51.785 N 0.55104 W","2013-10-30","this study"
"021216DR515F","day7","day7_F10.OWW14.4_021216DR515FSAM1-92-pr_filt.fastq.gz","3_filtered/day7_F10.OWW14.4_021216DR515FSAM1-92-pr_filt.fastq.gz","OWW14.4","OWW","14","51.4462 N 0.594 W","2013-09-26","this study"
"021216DR515F","day7","day7_F10.PH06.4_021216DR515FSAM1-88d-pr_filt.fastq.gz","3_filtered/day7_F10.PH06.4_021216DR515FSAM1-88d-pr_filt.fastq.gz","PH06.4","PH","6","51.5719 N 0.80964 W","2013-12-07","this study"
"021216DR515F","day7","day7_F10.WP14.4_021216DR515FSAM1-89d-pr_filt.fastq.gz","3_filtered/day7_F10.WP14.4_021216DR515FSAM1-89d-pr_filt.fastq.gz","WP14.4","WP","14","51.323928 N 0.612627 W","2013-11-28","this study"
"021216DR515F","day7","day7_F11.BWd06.4_021216DR515FSAM1-92-pr_filt.fastq.gz","3_filtered/day7_F11.BWd06.4_021216DR515FSAM1-92-pr_filt.fastq.gz","BWd06.4","BWd","6","51.1936 N 1.0689 W","2013-10-03","this study"
"021216DR515F","day7","day7_F11.PH14.4_021216DR515FSAM1-88d-pr_filt.fastq.gz","3_filtered/day7_F11.PH14.4_021216DR515FSAM1-88d-pr_filt.fastq.gz","PH14.4","PH","14","51.57108 N 0.81282 W","2013-12-07","this study"
"021216DR515F","day7","day7_F11.SAC06.4_021216DR515FSAM1-89d-pr_filt.fastq.gz","3_filtered/day7_F11.SAC06.4_021216DR515FSAM1-89d-pr_filt.fastq.gz","SAC06.4","SAC","6","51.7697 N 0.34836 W","2013-12-03","this study"
"021216DR515F","day7","day7_F11.SP09.4_021216DR515FSAM1-96f-pr_filt.fastq.gz","3_filtered/day7_F11.SP09.4_021216DR515FSAM1-96f-pr_filt.fastq.gz","SP09.4","SP","9","51.4124 N 0.6462 W","2013-09-11","this study"
"021216DR515F","day7","day7_F12.AE95.4_021216DR515FSAM1-96f-pr_filt.fastq.gz","3_filtered/day7_F12.AE95.4_021216DR515FSAM1-96f-pr_filt.fastq.gz","AE95.4","AE","95","51.79391 N 0.55994 W","2013-11-18","this study"
"021216DR515F","day7","day7_F12.PH22.4_021216DR515FSAM1-88d-pr_filt.fastq.gz","3_filtered/day7_F12.PH22.4_021216DR515FSAM1-88d-pr_filt.fastq.gz","PH22.4","PH","22","51.5698 N 0.8124 W","2013-12-07","this study"
"021216DR515F","day7","day7_F12.SAC14.4_021216DR515FSAM1-89d-pr_filt.fastq.gz","3_filtered/day7_F12.SAC14.4_021216DR515FSAM1-89d-pr_filt.fastq.gz","SAC14.4","SAC","14","51.76928 N 0.34986 W","2013-12-03","this study"
"021216DR515F","day7","day7_F12.WF06.4_021216DR515FSAM1-92-pr_filt.fastq.gz","3_filtered/day7_F12.WF06.4_021216DR515FSAM1-92-pr_filt.fastq.gz","WF06.4","WF","6","51.4473 N 0.6383 W","2013-10-21","this study"
"021216DR515F","day7","day7_F2.BB14.4_021216DR515FSAM1-88d-pr_filt.fastq.gz","3_filtered/day7_F2.BB14.4_021216DR515FSAM1-88d-pr_filt.fastq.gz","BB14.4","BB","14","51.5594 N 0.635 W","2013-08-20","this study"
"021216DR515F","day7","day7_F2.BB66.4_021216DR515FSAM1-96f-pr_filt.fastq.gz","3_filtered/day7_F2.BB66.4_021216DR515FSAM1-96f-pr_filt.fastq.gz","BB66.4","BB","66","51.5596 N 0.6315 W","2013-08-29","this study"
"021216DR515F","day7","day7_F2.WiW14.4_021216DR515FSAM1-89d-pr_filt.fastq.gz","3_filtered/day7_F2.WiW14.4_021216DR515FSAM1-89d-pr_filt.fastq.gz","WiW14.4","WiW","14","51.4412 N 0.5998 W","2013-09-18","this study"
"021216DR515F","day7","day7_F2.WYT14.4_021216DR515FSAM1-92-pr_filt.fastq.gz","3_filtered/day7_F2.WYT14.4_021216DR515FSAM1-92-pr_filt.fastq.gz","WYT14.4","WYT","14","51.7658 N 1.3271 W","2013-10-16","this study"
"021216DR515F","day7","day7_F3.AE22.4_021216DR515FSAM1-96f-pr_filt.fastq.gz","3_filtered/day7_F3.AE22.4_021216DR515FSAM1-96f-pr_filt.fastq.gz","AE22.4","AE","22","51.78608 N 0.55237 W","2013-10-30","this study"
"021216DR515F","day7","day7_F3.WiW22.4_021216DR515FSAM1-89d-pr_filt.fastq.gz","3_filtered/day7_F3.WiW22.4_021216DR515FSAM1-89d-pr_filt.fastq.gz","WiW22.4","WiW","22","51.4416 N 0.6004 W","2013-09-18","this study"
"021216DR515F","day7","day7_F3.WYT22.4_021216DR515FSAM1-92-pr_filt.fastq.gz","3_filtered/day7_F3.WYT22.4_021216DR515FSAM1-92-pr_filt.fastq.gz","WYT22.4","WYT","22","51.7697 N 1.3295 W","2013-10-22","this study"
"021216DR515F","day7","day7_F4.BB88.4_021216DR515FSAM1-96f-pr_filt.fastq.gz","3_filtered/day7_F4.BB88.4_021216DR515FSAM1-96f-pr_filt.fastq.gz","BB88.4","BB","88","51.5594 N 0.638 W","2013-08-29","this study"
"021216DR515F","day7","day7_F4.WiW30.4_021216DR515FSAM1-89d-pr_filt.fastq.gz","3_filtered/day7_F4.WiW30.4_021216DR515FSAM1-89d-pr_filt.fastq.gz","WiW30.4","WiW","30","51.4417 N 0.6007 W","2013-09-18","this study"
"021216DR515F","day7","day7_F4.WYT30.4_021216DR515FSAM1-92-pr_filt.fastq.gz","3_filtered/day7_F4.WYT30.4_021216DR515FSAM1-92-pr_filt.fastq.gz","WYT30.4","WYT","30","51.7693 N 1.3294 W","2013-10-22","this study"
"021216DR515F","day7","day7_F5.CHE13.4_021216DR515FSAM1-96f-pr_filt.fastq.gz","3_filtered/day7_F5.CHE13.4_021216DR515FSAM1-96f-pr_filt.fastq.gz","CHE13.4","CHE","13","50.9219 N 3.4791 W","2013-12-28","this study"
"021216DR515F","day7","day7_F5.WEL06.4_021216DR515FSAM1-88d-pr_filt.fastq.gz","3_filtered/day7_F5.WEL06.4_021216DR515FSAM1-88d-pr_filt.fastq.gz","WEL06.4","WEL","6","50.9462 N 3.2073 W","2013-12-29","this study"
"021216DR515F","day7","day7_F5.WiW38.4_021216DR515FSAM1-89d-pr_filt.fastq.gz","3_filtered/day7_F5.WiW38.4_021216DR515FSAM1-89d-pr_filt.fastq.gz","WiW38.4","WiW","38","51.442 N 0.6019 W","2013-09-18","this study"
"021216DR515F","day7","day7_F5.WYT38.4_021216DR515FSAM1-92-pr_filt.fastq.gz","3_filtered/day7_F5.WYT38.4_021216DR515FSAM1-92-pr_filt.fastq.gz","WYT38.4","WYT","38","51.7689 N 1.3291 W","2013-10-22","this study"
"021216DR515F","day7","day7_F6.WEL14.4_021216DR515FSAM1-88d-pr_filt.fastq.gz","3_filtered/day7_F6.WEL14.4_021216DR515FSAM1-88d-pr_filt.fastq.gz","WEL14.4","WEL","14","50.9454 N 3.2104 W","2013-12-29","this study"
"021216DR515F","day7","day7_F6.WiW46.4_021216DR515FSAM1-89d-pr_filt.fastq.gz","3_filtered/day7_F6.WiW46.4_021216DR515FSAM1-89d-pr_filt.fastq.gz","WiW46.4","WiW","46","51.444 N 0.6032 W","2013-09-18","this study"
"021216DR515F","day7","day7_F6.WYD06.4_021216DR515FSAM1-96f-pr_filt.fastq.gz","3_filtered/day7_F6.WYD06.4_021216DR515FSAM1-96f-pr_filt.fastq.gz","WYD06.4","WYD","6","51.7688 N 1.329 W","2013-10-22","this study"
"021216DR515F","day7","day7_F6.WYT46.4_021216DR515FSAM1-92-pr_filt.fastq.gz","3_filtered/day7_F6.WYT46.4_021216DR515FSAM1-92-pr_filt.fastq.gz","WYT46.4","WYT","46","51.7633 N 1.3262 W","2013-10-22","this study"
"021216DR515F","day7","day7_F7.AE155.4_021216DR515FSAM1-96f-pr_filt.fastq.gz","3_filtered/day7_F7.AE155.4_021216DR515FSAM1-96f-pr_filt.fastq.gz","AE155.4","AE","155","51.7962 N 0.56212 W","2013-11-21","this study"
"021216DR515F","day7","day7_F7.WEL22.4_021216DR515FSAM1-88d-pr_filt.fastq.gz","3_filtered/day7_F7.WEL22.4_021216DR515FSAM1-88d-pr_filt.fastq.gz","WEL22.4","WEL","22","50.9451 N 3.2119 W","2013-12-29","this study"
"021216DR515F","day7","day7_F7.WiW54.4_021216DR515FSAM1-89d-pr_filt.fastq.gz","3_filtered/day7_F7.WiW54.4_021216DR515FSAM1-89d-pr_filt.fastq.gz","WiW54.4","WiW","54","51.4425 N 0.5952 W","2013-09-18","this study"
"021216DR515F","day7","day7_F7.WYT54.4_021216DR515FSAM1-92-pr_filt.fastq.gz","3_filtered/day7_F7.WYT54.4_021216DR515FSAM1-92-pr_filt.fastq.gz","WYT54.4","WYT","54","51.7688 N 1.3345 W","2013-10-22","this study"
"021216DR515F","day7","day7_F8.AE23.4_021216DR515FSAM1-96f-pr_filt.fastq.gz","3_filtered/day7_F8.AE23.4_021216DR515FSAM1-96f-pr_filt.fastq.gz","AE23.4","AE","23","51.78608 N 0.55237 W","2013-10-30","this study"
"021216DR515F","day7","day7_F8.LW04.4_021216DR515FSAM1-88d-pr_filt.fastq.gz","3_filtered/day7_F8.LW04.4_021216DR515FSAM1-88d-pr_filt.fastq.gz","LW04.4","LW","4","51.424 N 0.6381 W","2013-09-12","this study"
"021216DR515F","day7","day7_F9.BB60.4_021216DR515FSAM1-96f-pr_filt.fastq.gz","3_filtered/day7_F9.BB60.4_021216DR515FSAM1-96f-pr_filt.fastq.gz","BB60.4","BB","60","51.559 N 0.6296 W","2013-08-29","this study"
"021216DR515F","day7","day7_F9.LW12.4_021216DR515FSAM1-88d-pr_filt.fastq.gz","3_filtered/day7_F9.LW12.4_021216DR515FSAM1-88d-pr_filt.fastq.gz","LW12.4","LW","12","51.4237 N 0.6405 W","2013-09-12","this study"
"021216DR515F","day7","day7_F9.OWW06.4_021216DR515FSAM1-92-pr_filt.fastq.gz","3_filtered/day7_F9.OWW06.4_021216DR515FSAM1-92-pr_filt.fastq.gz","OWW06.4","OWW","6","51.4499 N 0.5969 W","2013-09-26","this study"
"021216DR515F","day7","day7_F9.WP06.4_021216DR515FSAM1-89d-pr_filt.fastq.gz","3_filtered/day7_F9.WP06.4_021216DR515FSAM1-89d-pr_filt.fastq.gz","WP06.4","WP","6","51.322467 N 0.615609 W","2013-11-28","this study"
"021216DR515F","day7","day7_G1.AE101.4_021216DR515FSAM1-96f-pr_filt.fastq.gz","3_filtered/day7_G1.AE101.4_021216DR515FSAM1-96f-pr_filt.fastq.gz","AE101.4","AE","101","51.79484 N 0.56032 W","2013-11-18","this study"
"021216DR515F","day7","day7_G1.BB07.4_021216DR515FSAM1-88d-pr_filt.fastq.gz","3_filtered/day7_G1.BB07.4_021216DR515FSAM1-88d-pr_filt.fastq.gz","BB07.4","BB","7","51.5581 N 0.6332 W","2013-08-20","this study"
"021216DR515F","day7","day7_G1.WiW07.4_021216DR515FSAM1-89d-pr_filt.fastq.gz","3_filtered/day7_G1.WiW07.4_021216DR515FSAM1-89d-pr_filt.fastq.gz","WiW07.4","WiW","7","51.4381 N 0.6003 W","2013-09-18","this study"
"021216DR515F","day7","day7_G1.WYT07.4_021216DR515FSAM1-92-pr_filt.fastq.gz","3_filtered/day7_G1.WYT07.4_021216DR515FSAM1-92-pr_filt.fastq.gz","WYT07.4","WYT","7","51.7664 N 1.3295 W","2013-10-16","this study"
"021216DR515F","day7","day7_G10.BB30.4_021216DR515FSAM1-96f-pr_filt.fastq.gz","3_filtered/day7_G10.BB30.4_021216DR515FSAM1-96f-pr_filt.fastq.gz","BB30.4","BB","30","51.551 N 0.6314 W","2013-08-29","this study"
"021216DR515F","day7","day7_G10.OWW15.4_021216DR515FSAM1-92-pr_filt.fastq.gz","3_filtered/day7_G10.OWW15.4_021216DR515FSAM1-92-pr_filt.fastq.gz","OWW15.4","OWW","15","51.4462 N 0.594 W","2013-09-26","this study"
"021216DR515F","day7","day7_G10.PH07.4_021216DR515FSAM1-88d-pr_filt.fastq.gz","3_filtered/day7_G10.PH07.4_021216DR515FSAM1-88d-pr_filt.fastq.gz","PH07.4","PH","7","51.5719 N 0.80964 W","2013-12-07","this study"
"021216DR515F","day7","day7_G10.WP15.4_021216DR515FSAM1-89d-pr_filt.fastq.gz","3_filtered/day7_G10.WP15.4_021216DR515FSAM1-89d-pr_filt.fastq.gz","WP15.4","WP","15","51.323928 N 0.612627 W","2013-11-28","this study"
"021216DR515F","day7","day7_G11.AE103.4_021216DR515FSAM1-96f-pr_filt.fastq.gz","3_filtered/day7_G11.AE103.4_021216DR515FSAM1-96f-pr_filt.fastq.gz","AE103.4","AE","103","51.79487 N 0.56205 W","2013-11-18","this study"
"021216DR515F","day7","day7_G11.BWd07.4_021216DR515FSAM1-92-pr_filt.fastq.gz","3_filtered/day7_G11.BWd07.4_021216DR515FSAM1-92-pr_filt.fastq.gz","BWd07.4","BWd","7","51.1936 N 1.0689 W","2013-10-03","this study"
"021216DR515F","day7","day7_G11.PH15.4_021216DR515FSAM1-88d-pr_filt.fastq.gz","3_filtered/day7_G11.PH15.4_021216DR515FSAM1-88d-pr_filt.fastq.gz","PH15.4","PH","15","51.57064 N 0.81273 W","2013-12-07","this study"
"021216DR515F","day7","day7_G11.SAC07.4_021216DR515FSAM1-89d-pr_filt.fastq.gz","3_filtered/day7_G11.SAC07.4_021216DR515FSAM1-89d-pr_filt.fastq.gz","SAC07.4","SAC","7","51.76923 N 0.3484 W","2013-12-03","this study"
"021216DR515F","day7","day7_G12.CHE07.4_021216DR515FSAM1-96f-pr_filt.fastq.gz","3_filtered/day7_G12.CHE07.4_021216DR515FSAM1-96f-pr_filt.fastq.gz","CHE07.4","CHE","7","50.928 N 3.4796 W","2013-12-28","this study"
"021216DR515F","day7","day7_G12.PH23.4_021216DR515FSAM1-88d-pr_filt.fastq.gz","3_filtered/day7_G12.PH23.4_021216DR515FSAM1-88d-pr_filt.fastq.gz","PH23.4","PH","23","51.59996 N 0.81248 W","2013-12-07","this study"
"021216DR515F","day7","day7_G12.SAC15.4_021216DR515FSAM1-89d-pr_filt.fastq.gz","3_filtered/day7_G12.SAC15.4_021216DR515FSAM1-89d-pr_filt.fastq.gz","SAC15.4","SAC","15","51.76928 N 0.34986 W","2013-12-03","this study"
"021216DR515F","day7","day7_G12.WF07.4_021216DR515FSAM1-92-pr_filt.fastq.gz","3_filtered/day7_G12.WF07.4_021216DR515FSAM1-92-pr_filt.fastq.gz","WF07.4","WF","7","51.4473 N 0.6384 W","2013-10-21","this study"
"021216DR515F","day7","day7_G2.BB15.4_021216DR515FSAM1-88d-pr_filt.fastq.gz","3_filtered/day7_G2.BB15.4_021216DR515FSAM1-88d-pr_filt.fastq.gz","BB15.4","BB","15","51.5594 N 0.6345 W","2013-08-20","this study"
"021216DR515F","day7","day7_G2.WiW15.4_021216DR515FSAM1-89d-pr_filt.fastq.gz","3_filtered/day7_G2.WiW15.4_021216DR515FSAM1-89d-pr_filt.fastq.gz","WiW15.4","WiW","15","51.4415 N 0.5988 W","2013-09-18","this study"
"021216DR515F","day7","day7_G2.WYT15.4_021216DR515FSAM1-92-pr_filt.fastq.gz","3_filtered/day7_G2.WYT15.4_021216DR515FSAM1-92-pr_filt.fastq.gz","WYT15.4","WYT","15","51.7624 N 1.3169 W","2013-10-16","this study"
"021216DR515F","day7","day7_G2.WYT63.4_021216DR515FSAM1-96f-pr_filt.fastq.gz","3_filtered/day7_G2.WYT63.4_021216DR515FSAM1-96f-pr_filt.fastq.gz","WYT63.4","WYT","63","51.7693 N 1.3354 W","2013-10-25","this study"
"021216DR515F","day7","day7_G3.BB23.4_021216DR515FSAM1-88d-pr_filt.fastq.gz","3_filtered/day7_G3.BB23.4_021216DR515FSAM1-88d-pr_filt.fastq.gz","BB23.4","BB","23","51.5597 N 0.636 W","2013-08-20","this study"
"021216DR515F","day7","day7_G3.BB58.4_021216DR515FSAM1-96f-pr_filt.fastq.gz","3_filtered/day7_G3.BB58.4_021216DR515FSAM1-96f-pr_filt.fastq.gz","BB58.4","BB","58","51.559 N 0.6295 W","2013-08-29","this study"
"021216DR515F","day7","day7_G3.WiW23.4_021216DR515FSAM1-89d-pr_filt.fastq.gz","3_filtered/day7_G3.WiW23.4_021216DR515FSAM1-89d-pr_filt.fastq.gz","WiW23.4","WiW","23","51.4416 N 0.6004 W","2013-09-18","this study"
"021216DR515F","day7","day7_G3.WYT23.4_021216DR515FSAM1-92-pr_filt.fastq.gz","3_filtered/day7_G3.WYT23.4_021216DR515FSAM1-92-pr_filt.fastq.gz","WYT23.4","WYT","23","51.7695 N 1.3296 W","2013-10-22","this study"
"021216DR515F","day7","day7_G4.BB52.4_021216DR515FSAM1-96f-pr_filt.fastq.gz","3_filtered/day7_G4.BB52.4_021216DR515FSAM1-96f-pr_filt.fastq.gz","BB52.4","BB","52","51.5585 N 0.6296 W","2013-08-29","this study"
"021216DR515F","day7","day7_G4.WiW31.4_021216DR515FSAM1-89d-pr_filt.fastq.gz","3_filtered/day7_G4.WiW31.4_021216DR515FSAM1-89d-pr_filt.fastq.gz","WiW31.4","WiW","31","51.4418 N 0.6018 W","2013-09-18","this study"
"021216DR515F","day7","day7_G4.WYT31.4_021216DR515FSAM1-92-pr_filt.fastq.gz","3_filtered/day7_G4.WYT31.4_021216DR515FSAM1-92-pr_filt.fastq.gz","WYT31.4","WYT","31","51.7693 N 1.3294 W","2013-10-22","this study"
"021216DR515F","day7","day7_G5.SP08.4_021216DR515FSAM1-96f-pr_filt.fastq.gz","3_filtered/day7_G5.SP08.4_021216DR515FSAM1-96f-pr_filt.fastq.gz","SP08.4","SP","8","51.4122 N 0.6461 W","2013-09-11","this study"
"021216DR515F","day7","day7_G5.WEL07.4_021216DR515FSAM1-88d-pr_filt.fastq.gz","3_filtered/day7_G5.WEL07.4_021216DR515FSAM1-88d-pr_filt.fastq.gz","WEL07.4","WEL","7","50.9462 N 3.2073 W","2013-12-29","this study"
"021216DR515F","day7","day7_G5.WiW39.4_021216DR515FSAM1-89d-pr_filt.fastq.gz","3_filtered/day7_G5.WiW39.4_021216DR515FSAM1-89d-pr_filt.fastq.gz","WiW39.4","WiW","39","51.4426 N 0.6018 W","2013-09-18","this study"
"021216DR515F","day7","day7_G5.WYT39.4_021216DR515FSAM1-92-pr_filt.fastq.gz","3_filtered/day7_G5.WYT39.4_021216DR515FSAM1-92-pr_filt.fastq.gz","WYT39.4","WYT","39","51.7689 N 1.3291 W","2013-10-22","this study"
"021216DR515F","day7","day7_G6.SP01.4_021216DR515FSAM1-96f-pr_filt.fastq.gz","3_filtered/day7_G6.SP01.4_021216DR515FSAM1-96f-pr_filt.fastq.gz","SP01.4","SP","1","51.4067 N 0.6387 W","2013-09-11","this study"
"021216DR515F","day7","day7_G6.WEL15.4_021216DR515FSAM1-88d-pr_filt.fastq.gz","3_filtered/day7_G6.WEL15.4_021216DR515FSAM1-88d-pr_filt.fastq.gz","WEL15.4","WEL","15","50.9454 N 3.2104 W","2013-12-29","this study"
"021216DR515F","day7","day7_G6.WiW47.4_021216DR515FSAM1-89d-pr_filt.fastq.gz","3_filtered/day7_G6.WiW47.4_021216DR515FSAM1-89d-pr_filt.fastq.gz","WiW47.4","WiW","47","51.439 N 0.6029 W","2013-09-18","this study"
"021216DR515F","day7","day7_G6.WYT47.4_021216DR515FSAM1-92-pr_filt.fastq.gz","3_filtered/day7_G6.WYT47.4_021216DR515FSAM1-92-pr_filt.fastq.gz","WYT47.4","WYT","47","51.7632 N 1.326 W","2013-10-22","this study"
"021216DR515F","day7","day7_G7.CHE04.4_021216DR515FSAM1-96f-pr_filt.fastq.gz","3_filtered/day7_G7.CHE04.4_021216DR515FSAM1-96f-pr_filt.fastq.gz","CHE04.4","CHE","4","50.9228 N 3.4745 W","2013-12-28","this study"
"021216DR515F","day7","day7_G7.WEL23.4_021216DR515FSAM1-88d-pr_filt.fastq.gz","3_filtered/day7_G7.WEL23.4_021216DR515FSAM1-88d-pr_filt.fastq.gz","WEL23.4","WEL","23","50.9451 N 3.2118 W","2013-12-29","this study"
"021216DR515F","day7","day7_G7.WiW55.4_021216DR515FSAM1-89d-pr_filt.fastq.gz","3_filtered/day7_G7.WiW55.4_021216DR515FSAM1-89d-pr_filt.fastq.gz","WiW55.4","WiW","55","51.4425 N 0.5952 W","2013-09-18","this study"
"021216DR515F","day7","day7_G7.WYT55.4_021216DR515FSAM1-92-pr_filt.fastq.gz","3_filtered/day7_G7.WYT55.4_021216DR515FSAM1-92-pr_filt.fastq.gz","WYT55.4","WYT","55","51.7688 N 1.3345 W","2013-10-22","this study"
"021216DR515F","day7","day7_G8.BB22.4_021216DR515FSAM1-96f-pr_filt.fastq.gz","3_filtered/day7_G8.BB22.4_021216DR515FSAM1-96f-pr_filt.fastq.gz","BB22.4","BB","22","51.5595 N 0.6372 W","2013-08-20","this study"
"021216DR515F","day7","day7_G8.LW05.4_021216DR515FSAM1-88d-pr_filt.fastq.gz","3_filtered/day7_G8.LW05.4_021216DR515FSAM1-88d-pr_filt.fastq.gz","LW05.4","LW","5","51.4241 N 0.6382 W","2013-09-12","this study"
"021216DR515F","day7","day7_G9.OWW07.4_021216DR515FSAM1-92-pr_filt.fastq.gz","3_filtered/day7_G9.OWW07.4_021216DR515FSAM1-92-pr_filt.fastq.gz","OWW07.4","OWW","7","51.4499 N 0.5969 W","2013-09-26","this study"
"021216DR515F","day7","day7_G9.SP02.4_021216DR515FSAM1-96f-pr_filt.fastq.gz","3_filtered/day7_G9.SP02.4_021216DR515FSAM1-96f-pr_filt.fastq.gz","SP02.4","SP","2","51.4082 N 0.6409 W","2013-09-11","this study"
"021216DR515F","day7","day7_G9.WP07.4_021216DR515FSAM1-89d-pr_filt.fastq.gz","3_filtered/day7_G9.WP07.4_021216DR515FSAM1-89d-pr_filt.fastq.gz","WP07.4","WP","7","51.322905 N 0.615145 W","2013-11-28","this study"
"021216DR515F","day7","day7_H1.BB08.4_021216DR515FSAM1-88d-pr_filt.fastq.gz","3_filtered/day7_H1.BB08.4_021216DR515FSAM1-88d-pr_filt.fastq.gz","BB08.4","BB","8","51.5589 N 0.6343 W","2013-08-20","this study"
"021216DR515F","day7","day7_H1.BB32.4_021216DR515FSAM1-96f-pr_filt.fastq.gz","3_filtered/day7_H1.BB32.4_021216DR515FSAM1-96f-pr_filt.fastq.gz","BB32.4","BB","32","51.5502 N 0.6336 W","2013-08-29","this study"
"021216DR515F","day7","day7_H1.WiW08.4_021216DR515FSAM1-89d-pr_filt.fastq.gz","3_filtered/day7_H1.WiW08.4_021216DR515FSAM1-89d-pr_filt.fastq.gz","WiW08.4","WiW","8","51.4378 N 0.5995 W","2013-09-18","this study"
"021216DR515F","day7","day7_H1.WYT08.4_021216DR515FSAM1-92-pr_filt.fastq.gz","3_filtered/day7_H1.WYT08.4_021216DR515FSAM1-92-pr_filt.fastq.gz","WYT08.4","WYT","8","51.7693 N 1.3293 W","2013-10-16","this study"
"021216DR515F","day7","day7_H10.BB03.4_021216DR515FSAM1-96f-pr_filt.fastq.gz","3_filtered/day7_H10.BB03.4_021216DR515FSAM1-96f-pr_filt.fastq.gz","BB03.4","BB","3","51.5575 N 0.6334 W","2013-08-20","this study"
"021216DR515F","day7","day7_H10.OWW16.4_021216DR515FSAM1-92-pr_filt.fastq.gz","3_filtered/day7_H10.OWW16.4_021216DR515FSAM1-92-pr_filt.fastq.gz","OWW16.4","OWW","16","51.4452 N 0.5953 W","2013-09-26","this study"
"021216DR515F","day7","day7_H10.PH08.4_021216DR515FSAM1-88d-pr_filt.fastq.gz","3_filtered/day7_H10.PH08.4_021216DR515FSAM1-88d-pr_filt.fastq.gz","PH08.4","PH","8","51.57197 N 0.8098 W","2013-12-07","this study"
"021216DR515F","day7","day7_H10.WP16.4_021216DR515FSAM1-89d-pr_filt.fastq.gz","3_filtered/day7_H10.WP16.4_021216DR515FSAM1-89d-pr_filt.fastq.gz","WP16.4","WP","16","51.324277 N 0.612985 W","2013-11-28","this study"
"021216DR515F","day7","day7_H11.AE27.4_021216DR515FSAM1-96f-pr_filt.fastq.gz","3_filtered/day7_H11.AE27.4_021216DR515FSAM1-96f-pr_filt.fastq.gz","AE27.4","AE","27","51.78573 N 0.55218 W","2013-10-30","this study"
"021216DR515F","day7","day7_H11.BWd08.4_021216DR515FSAM1-92-pr_filt.fastq.gz","3_filtered/day7_H11.BWd08.4_021216DR515FSAM1-92-pr_filt.fastq.gz","BWd08.4","BWd","8","51.1936 N 1.0689 W","2013-10-03","this study"
"021216DR515F","day7","day7_H11.PH16.4_021216DR515FSAM1-88d-pr_filt.fastq.gz","3_filtered/day7_H11.PH16.4_021216DR515FSAM1-88d-pr_filt.fastq.gz","PH16.4","PH","16","51.57016 N 0.81297 W","2013-12-07","this study"
"021216DR515F","day7","day7_H11.SAC08.4_021216DR515FSAM1-89d-pr_filt.fastq.gz","3_filtered/day7_H11.SAC08.4_021216DR515FSAM1-89d-pr_filt.fastq.gz","SAC08.4","SAC","8","51.76923 N 0.3484 W","2013-12-03","this study"
"021216DR515F","day7","day7_H12.AE98.4_021216DR515FSAM1-96f-pr_filt.fastq.gz","3_filtered/day7_H12.AE98.4_021216DR515FSAM1-96f-pr_filt.fastq.gz","AE98.4","AE","98","51.7943 N 0.56087 W","2013-11-18","this study"
"021216DR515F","day7","day7_H12.PH24.4_021216DR515FSAM1-88d-pr_filt.fastq.gz","3_filtered/day7_H12.PH24.4_021216DR515FSAM1-88d-pr_filt.fastq.gz","PH24.4","PH","24","51.57034 N 0.81256 W","2013-12-07","this study"
"021216DR515F","day7","day7_H12.SAC16.4_021216DR515FSAM1-89d-pr_filt.fastq.gz","3_filtered/day7_H12.SAC16.4_021216DR515FSAM1-89d-pr_filt.fastq.gz","SAC16.4","SAC","16","51.76936 N 0.34989 W","2013-12-03","this study"
"021216DR515F","day7","day7_H2.BB16.4_021216DR515FSAM1-88d-pr_filt.fastq.gz","3_filtered/day7_H2.BB16.4_021216DR515FSAM1-88d-pr_filt.fastq.gz","BB16.4","BB","16","51.5593 N 0.6345 W","2013-08-20","this study"
"021216DR515F","day7","day7_H2.WiW16.4_021216DR515FSAM1-89d-pr_filt.fastq.gz","3_filtered/day7_H2.WiW16.4_021216DR515FSAM1-89d-pr_filt.fastq.gz","WiW16.4","WiW","16","51.4415 N 0.5988 W","2013-09-18","this study"
"021216DR515F","day7","day7_H2.WYT16.4_021216DR515FSAM1-92-pr_filt.fastq.gz","3_filtered/day7_H2.WYT16.4_021216DR515FSAM1-92-pr_filt.fastq.gz","WYT16.4","WYT","16","51.7697 N 1.3295 W","2013-10-22","this study"
"021216DR515F","day7","day7_H2.WYT87.4_021216DR515FSAM1-96f-pr_filt.fastq.gz","3_filtered/day7_H2.WYT87.4_021216DR515FSAM1-96f-pr_filt.fastq.gz","WYT87.4","WYT","87","51.7725 N 1.337 W","2013-10-25","this study"
"021216DR515F","day7","day7_H3.BB24.4_021216DR515FSAM1-88d-pr_filt.fastq.gz","3_filtered/day7_H3.BB24.4_021216DR515FSAM1-88d-pr_filt.fastq.gz","BB24.4","BB","24","51.5597 N 0.6359 W","2013-08-20","this study"
"021216DR515F","day7","day7_H3.Negative.4_021216DR515FSAM1-96f-pr_filt.fastq.gz","3_filtered/day7_H3.Negative.4_021216DR515FSAM1-96f-pr_filt.fastq.gz","Negative.4","Negative","4",NA,NA,"this study"
"021216DR515F","day7","day7_H3.WiW24.4_021216DR515FSAM1-89d-pr_filt.fastq.gz","3_filtered/day7_H3.WiW24.4_021216DR515FSAM1-89d-pr_filt.fastq.gz","WiW24.4","WiW","24","51.4416 N 0.6004 W","2013-09-18","this study"
"021216DR515F","day7","day7_H3.WYT24.4_021216DR515FSAM1-92-pr_filt.fastq.gz","3_filtered/day7_H3.WYT24.4_021216DR515FSAM1-92-pr_filt.fastq.gz","WYT24.4","WYT","24","51.7694 N 1.3297 W","2013-10-22","this study"
"021216DR515F","day7","day7_H4.WiW32.4_021216DR515FSAM1-89d-pr_filt.fastq.gz","3_filtered/day7_H4.WiW32.4_021216DR515FSAM1-89d-pr_filt.fastq.gz","WiW32.4","WiW","32","51.4418 N 0.6018 W","2013-09-18","this study"
"021216DR515F","day7","day7_H4.WYT32.4_021216DR515FSAM1-92-pr_filt.fastq.gz","3_filtered/day7_H4.WYT32.4_021216DR515FSAM1-92-pr_filt.fastq.gz","WYT32.4","WYT","32","51.769 N 1.3293 W","2013-10-22","this study"
"021216DR515F","day7","day7_H4.WYT95.4_021216DR515FSAM1-96f-pr_filt.fastq.gz","3_filtered/day7_H4.WYT95.4_021216DR515FSAM1-96f-pr_filt.fastq.gz","WYT95.4","WYT","95","51.7728 N 1.337 W","2013-10-25","this study"
"021216DR515F","day7","day7_H5.SP05.4_021216DR515FSAM1-96f-pr_filt.fastq.gz","3_filtered/day7_H5.SP05.4_021216DR515FSAM1-96f-pr_filt.fastq.gz","SP05.4","SP","5","51.4099 N 0.6464 W","2013-09-11","this study"
"021216DR515F","day7","day7_H5.WEL08.4_021216DR515FSAM1-88d-pr_filt.fastq.gz","3_filtered/day7_H5.WEL08.4_021216DR515FSAM1-88d-pr_filt.fastq.gz","WEL08.4","WEL","8","50.9466 N 3.2077 W","2013-12-29","this study"
"021216DR515F","day7","day7_H5.WiW40.4_021216DR515FSAM1-89d-pr_filt.fastq.gz","3_filtered/day7_H5.WiW40.4_021216DR515FSAM1-89d-pr_filt.fastq.gz","WiW40.4","WiW","40","51.4426 N 0.6018 W","2013-09-18","this study"
"021216DR515F","day7","day7_H5.WYT40.4_021216DR515FSAM1-92-pr_filt.fastq.gz","3_filtered/day7_H5.WYT40.4_021216DR515FSAM1-92-pr_filt.fastq.gz","WYT40.4","WYT","40","51.7689 N 1.3291 W","2013-10-22","this study"
"021216DR515F","day7","day7_H6.AE50.4_021216DR515FSAM1-96f-pr_filt.fastq.gz","3_filtered/day7_H6.AE50.4_021216DR515FSAM1-96f-pr_filt.fastq.gz","AE50.4","AE","50","51.78549 N 0.55107 W","2013-10-30","this study"
"021216DR515F","day7","day7_H6.WEL16.4_021216DR515FSAM1-88d-pr_filt.fastq.gz","3_filtered/day7_H6.WEL16.4_021216DR515FSAM1-88d-pr_filt.fastq.gz","WEL16.4","WEL","16","50.9454 N 3.2104 W","2013-12-29","this study"
"021216DR515F","day7","day7_H6.WiW48.4_021216DR515FSAM1-89d-pr_filt.fastq.gz","3_filtered/day7_H6.WiW48.4_021216DR515FSAM1-89d-pr_filt.fastq.gz","WiW48.4","WiW","48","51.439 N 0.5944 W","2013-09-18","this study"
"021216DR515F","day7","day7_H6.WYT48.4_021216DR515FSAM1-92-pr_filt.fastq.gz","3_filtered/day7_H6.WYT48.4_021216DR515FSAM1-92-pr_filt.fastq.gz","WYT48.4","WYT","48","51.7632 N 1.326 W","2013-10-22","this study"
"021216DR515F","day7","day7_H7.AE172.4_021216DR515FSAM1-96f-pr_filt.fastq.gz","3_filtered/day7_H7.AE172.4_021216DR515FSAM1-96f-pr_filt.fastq.gz","AE172.4","AE","172","51.79533 N 0.5607 W","2013-11-21","this study"
"021216DR515F","day7","day7_H7.WEL24.4_021216DR515FSAM1-88d-pr_filt.fastq.gz","3_filtered/day7_H7.WEL24.4_021216DR515FSAM1-88d-pr_filt.fastq.gz","WEL24.4","WEL","24","50.9451 N 3.2118 W","2013-12-29","this study"
"021216DR515F","day7","day7_H7.WiW56.4_021216DR515FSAM1-89d-pr_filt.fastq.gz","3_filtered/day7_H7.WiW56.4_021216DR515FSAM1-89d-pr_filt.fastq.gz","WiW56.4","WiW","56","51.4425 N 0.5952 W","2013-09-18","this study"
"021216DR515F","day7","day7_H7.WYT56.4_021216DR515FSAM1-92-pr_filt.fastq.gz","3_filtered/day7_H7.WYT56.4_021216DR515FSAM1-92-pr_filt.fastq.gz","WYT56.4","WYT","56","51.7688 N 1.3345 W","2013-10-22","this study"
"021216DR515F","day7","day7_H8.LW06.4_021216DR515FSAM1-88d-pr_filt.fastq.gz","3_filtered/day7_H8.LW06.4_021216DR515FSAM1-88d-pr_filt.fastq.gz","LW06.4","LW","6","51.4241 N 0.6379 W","2013-09-12","this study"
"021216DR515F","day7","day7_H8.WYT94.4_021216DR515FSAM1-96f-pr_filt.fastq.gz","3_filtered/day7_H8.WYT94.4_021216DR515FSAM1-96f-pr_filt.fastq.gz","WYT94.4","WYT","94","51.7728 N 1.337 W","2013-10-25","this study"
"021216DR515F","day7","day7_H9.OWW08.4_021216DR515FSAM1-92-pr_filt.fastq.gz","3_filtered/day7_H9.OWW08.4_021216DR515FSAM1-92-pr_filt.fastq.gz","OWW08.4","OWW","8","51.4498 N 0.5969 W","2013-09-26","this study"
"021216DR515F","day7","day7_H9.WP08.4_021216DR515FSAM1-89d-pr_filt.fastq.gz","3_filtered/day7_H9.WP08.4_021216DR515FSAM1-89d-pr_filt.fastq.gz","WP08.4","WP","8","51.4093 N 0.6082 W","2013-09-04","this study"
"021216DR515F","day7","day7_H9.WYM33.4_021216DR515FSAM1-96f-pr_filt.fastq.gz","3_filtered/day7_H9.WYM33.4_021216DR515FSAM1-96f-pr_filt.fastq.gz","WYM33.4","WYM","33","51.7685 N 1.3281 W","2013-10-22","this study"
