sampleid,parent,replicate,replicate.partition,partition,Location,Time
AE01,AE01,0,0.1,1,AshridgeEstate,Starting
AE02,AE02,0,0.1,1,AshridgeEstate,Starting
AE03,AE03,0,0.1,1,AshridgeEstate,Starting
AE04,AE04,0,0.1,1,AshridgeEstate,Starting
AE06,AE06,0,0.1,1,AshridgeEstate,Starting
AE07,AE07,0,0.2,2,AshridgeEstate,Starting
AE08,AE08,0,0.1,1,AshridgeEstate,Starting
AE09,AE09,0,0.1,1,AshridgeEstate,Starting
AE10,AE10,0,0.3,3,AshridgeEstate,Starting
AE102,AE102,0,0.1,1,AshridgeEstate,Starting
AE104,AE104,0,0.3,3,AshridgeEstate,Starting
AE105,AE105,0,0.4,4,AshridgeEstate,Starting
AE106,AE106,0,0.4,4,AshridgeEstate,Starting
AE108,AE108,0,0.4,4,AshridgeEstate,Starting
AE109,AE109,0,0.3,3,AshridgeEstate,Starting
AE11,AE11,0,0.2,2,AshridgeEstate,Starting
AE111,AE111,0,0.1,1,AshridgeEstate,Starting
AE112,AE112,0,0.4,4,AshridgeEstate,Starting
AE113,AE113,0,0.4,4,AshridgeEstate,Starting
AE114,AE114,0,0.4,4,AshridgeEstate,Starting
AE115,AE115,0,0.4,4,AshridgeEstate,Starting
AE117,AE117,0,0.5,5,AshridgeEstate,Starting
AE118,AE118,0,0.5,5,AshridgeEstate,Starting
AE119,AE119,0,0.5,5,AshridgeEstate,Starting
AE120,AE120,0,0.5,5,AshridgeEstate,Starting
AE122,AE122,0,0.4,4,AshridgeEstate,Starting
AE123,AE123,0,0.5,5,AshridgeEstate,Starting
AE124,AE124,0,0.5,5,AshridgeEstate,Starting
AE125,AE125,0,0.4,4,AshridgeEstate,Starting
AE127,AE127,0,0.5,5,AshridgeEstate,Starting
AE128,AE128,0,0.5,5,AshridgeEstate,Starting
AE13,AE13,0,0.3,3,AshridgeEstate,Starting
AE130,AE130,0,0.5,5,AshridgeEstate,Starting
AE131,AE131,0,0.5,5,AshridgeEstate,Starting
AE133,AE133,0,0.5,5,AshridgeEstate,Starting
AE134,AE134,0,0.5,5,AshridgeEstate,Starting
AE135,AE135,0,0.5,5,AshridgeEstate,Starting
AE136,AE136,0,0.1,1,AshridgeEstate,Starting
AE137,AE137,0,0.5,5,AshridgeEstate,Starting
AE139,AE139,0,0.5,5,AshridgeEstate,Starting
AE14,AE14,0,0.1,1,AshridgeEstate,Starting
AE143,AE143,0,0.2,2,AshridgeEstate,Starting
AE144,AE144,0,0.5,5,AshridgeEstate,Starting
AE145,AE145,0,0.1,1,AshridgeEstate,Starting
AE146,AE146,0,0.5,5,AshridgeEstate,Starting
AE147,AE147,0,0.5,5,AshridgeEstate,Starting
AE149,AE149,0,0.2,2,AshridgeEstate,Starting
AE15,AE15,0,0.2,2,AshridgeEstate,Starting
AE150,AE150,0,0.4,4,AshridgeEstate,Starting
AE151,AE151,0,0.4,4,AshridgeEstate,Starting
AE152,AE152,0,0.2,2,AshridgeEstate,Starting
AE153,AE153,0,0.2,2,AshridgeEstate,Starting
AE154,AE154,0,0.5,5,AshridgeEstate,Starting
AE156,AE156,0,0.4,4,AshridgeEstate,Starting
AE157,AE157,0,0.5,5,AshridgeEstate,Starting
AE158,AE158,0,0.5,5,AshridgeEstate,Starting
AE159,AE159,0,0.5,5,AshridgeEstate,Starting
AE16,AE16,0,0.1,1,AshridgeEstate,Starting
AE160,AE160,0,0.4,4,AshridgeEstate,Starting
AE161,AE161,0,0.5,5,AshridgeEstate,Starting
AE162,AE162,0,0.5,5,AshridgeEstate,Starting
AE163,AE163,0,0.2,2,AshridgeEstate,Starting
AE164,AE164,0,0.5,5,AshridgeEstate,Starting
AE165,AE165,0,0.5,5,AshridgeEstate,Starting
AE166,AE166,0,0.5,5,AshridgeEstate,Starting
AE167,AE167,0,0.5,5,AshridgeEstate,Starting
AE168,AE168,0,0.5,5,AshridgeEstate,Starting
AE169,AE169,0,0.5,5,AshridgeEstate,Starting
AE17,AE17,0,0.1,1,AshridgeEstate,Starting
AE170,AE170,0,0.3,3,AshridgeEstate,Starting
AE171,AE171,0,0.1,1,AshridgeEstate,Starting
AE173,AE173,0,0.4,4,AshridgeEstate,Starting
AE174,AE174,0,0.5,5,AshridgeEstate,Starting
AE175,AE175,0,0.5,5,AshridgeEstate,Starting
AE176,AE176,0,0.5,5,AshridgeEstate,Starting
AE177,AE177,0,0.5,5,AshridgeEstate,Starting
AE178,AE178,0,0.3,3,AshridgeEstate,Starting
AE18,AE18,0,0.2,2,AshridgeEstate,Starting
AE19,AE19,0,0.4,4,AshridgeEstate,Starting
AE20,AE20,0,0.2,2,AshridgeEstate,Starting
AE21,AE21,0,0.5,5,AshridgeEstate,Starting
AE24,AE24,0,0.1,1,AshridgeEstate,Starting
AE25,AE25,0,0.1,1,AshridgeEstate,Starting
AE28,AE28,0,0.2,2,AshridgeEstate,Starting
AE29,AE29,0,0.1,1,AshridgeEstate,Starting
AE30,AE30,0,0.1,1,AshridgeEstate,Starting
AE31,AE31,0,0.3,3,AshridgeEstate,Starting
AE32,AE32,0,0.1,1,AshridgeEstate,Starting
AE33,AE33,0,0.2,2,AshridgeEstate,Starting
AE34,AE34,0,0.1,1,AshridgeEstate,Starting
AE35,AE35,0,0.1,1,AshridgeEstate,Starting
AE36,AE36,0,0.2,2,AshridgeEstate,Starting
AE37,AE37,0,0.1,1,AshridgeEstate,Starting
AE38,AE38,0,0.1,1,AshridgeEstate,Starting
AE39,AE39,0,0.2,2,AshridgeEstate,Starting
AE40,AE40,0,0.1,1,AshridgeEstate,Starting
AE41,AE41,0,0.1,1,AshridgeEstate,Starting
AE42,AE42,0,0.1,1,AshridgeEstate,Starting
AE43,AE43,0,0.1,1,AshridgeEstate,Starting
AE44,AE44,0,0.1,1,AshridgeEstate,Starting
AE45,AE45,0,0.1,1,AshridgeEstate,Starting
AE46,AE46,0,0.3,3,AshridgeEstate,Starting
AE47,AE47,0,0.1,1,AshridgeEstate,Starting
AE48,AE48,0,0.1,1,AshridgeEstate,Starting
AE49,AE49,0,0.1,1,AshridgeEstate,Starting
AE51,AE51,0,0.1,1,AshridgeEstate,Starting
AE53,AE53,0,0.1,1,AshridgeEstate,Starting
AE54,AE54,0,0.1,1,AshridgeEstate,Starting
AE55,AE55,0,0.1,1,AshridgeEstate,Starting
AE56,AE56,0,0.1,1,AshridgeEstate,Starting
AE57,AE57,0,0.2,2,AshridgeEstate,Starting
AE58,AE58,0,0.2,2,AshridgeEstate,Starting
AE59,AE59,0,0.1,1,AshridgeEstate,Starting
AE60,AE60,0,0.1,1,AshridgeEstate,Starting
AE61,AE61,0,0.1,1,AshridgeEstate,Starting
AE62,AE62,0,0.4,4,AshridgeEstate,Starting
AE63,AE63,0,0.1,1,AshridgeEstate,Starting
AE64,AE64,0,0.1,1,AshridgeEstate,Starting
AE65,AE65,0,0.1,1,AshridgeEstate,Starting
AE66,AE66,0,0.1,1,AshridgeEstate,Starting
AE67,AE67,0,0.1,1,AshridgeEstate,Starting
AE68,AE68,0,0.2,2,AshridgeEstate,Starting
AE69,AE69,0,0.1,1,AshridgeEstate,Starting
AE70,AE70,0,0.1,1,AshridgeEstate,Starting
AE71,AE71,0,0.1,1,AshridgeEstate,Starting
AE72,AE72,0,0.3,3,AshridgeEstate,Starting
AE73,AE73,0,0.1,1,AshridgeEstate,Starting
AE74,AE74,0,0.1,1,AshridgeEstate,Starting
AE76,AE76,0,0.3,3,AshridgeEstate,Starting
AE77,AE77,0,0.1,1,AshridgeEstate,Starting
AE78,AE78,0,0.1,1,AshridgeEstate,Starting
AE79,AE79,0,0.1,1,AshridgeEstate,Starting
AE80,AE80,0,0.3,3,AshridgeEstate,Starting
AE81,AE81,0,0.1,1,AshridgeEstate,Starting
AE82,AE82,0,0.3,3,AshridgeEstate,Starting
AE83,AE83,0,0.1,1,AshridgeEstate,Starting
AE84,AE84,0,0.5,5,AshridgeEstate,Starting
AE85,AE85,0,0.3,3,AshridgeEstate,Starting
AE86,AE86,0,0.5,5,AshridgeEstate,Starting
AE87,AE87,0,0.3,3,AshridgeEstate,Starting
AE88,AE88,0,0.1,1,AshridgeEstate,Starting
AE89,AE89,0,0.3,3,AshridgeEstate,Starting
AE90,AE90,0,0.3,3,AshridgeEstate,Starting
AE91,AE91,0,0.5,5,AshridgeEstate,Starting
AE94,AE94,0,0.5,5,AshridgeEstate,Starting
AE96,AE96,0,0.3,3,AshridgeEstate,Starting
AE99,AE99,0,0.1,1,AshridgeEstate,Starting
BB02,BB02,0,0.4,4,BurhamBeeches,Starting
BB02.1,BB02,1,1.1,1,BurhamBeeches,Final
BB02.2,BB02,2,2.1,1,BurhamBeeches,Final
BB02.3,BB02,3,3.1,1,BurhamBeeches,Final
BB02.4,BB02,4,4.1,1,BurhamBeeches,Final
BB04,BB04,0,0.5,5,BurhamBeeches,Starting
BB04.1,BB04,1,1.1,1,BurhamBeeches,Final
BB04.2,BB04,2,2.1,1,BurhamBeeches,Final
BB04.3,BB04,3,3.1,1,BurhamBeeches,Final
BB04.4,BB04,4,4.1,1,BurhamBeeches,Final
BB05,BB05,0,0.1,1,BurhamBeeches,Starting
BB05.1,BB05,1,1.1,1,BurhamBeeches,Final
BB05.2,BB05,2,2.1,1,BurhamBeeches,Final
BB05.3,BB05,3,3.2,2,BurhamBeeches,Final
BB05.4,BB05,4,4.1,1,BurhamBeeches,Final
BB06,BB06,0,0.3,3,BurhamBeeches,Starting
BB06.1,BB06,1,1.1,1,BurhamBeeches,Final
BB06.2,BB06,2,2.1,1,BurhamBeeches,Final
BB06.3,BB06,3,3.1,1,BurhamBeeches,Final
BB06.4,BB06,4,4.1,1,BurhamBeeches,Final
BB07,BB07,0,0.3,3,BurhamBeeches,Starting
BB07.1,BB07,1,1.2,2,BurhamBeeches,Final
BB07.2,BB07,2,2.2,2,BurhamBeeches,Final
BB07.3,BB07,3,3.2,2,BurhamBeeches,Final
BB07.4,BB07,4,4.2,2,BurhamBeeches,Final
BB08,BB08,0,0.2,2,BurhamBeeches,Starting
BB08.1,BB08,1,1.1,1,BurhamBeeches,Final
BB08.2,BB08,2,2.1,1,BurhamBeeches,Final
BB08.3,BB08,3,3.1,1,BurhamBeeches,Final
BB08.4,BB08,4,4.1,1,BurhamBeeches,Final
BB09,BB09,0,0.3,3,BurhamBeeches,Starting
BB09.1,BB09,1,1.2,2,BurhamBeeches,Final
BB09.2,BB09,2,2.2,2,BurhamBeeches,Final
BB09.3,BB09,3,3.1,1,BurhamBeeches,Final
BB09.4,BB09,4,4.1,1,BurhamBeeches,Final
BB11,BB11,0,0.3,3,BurhamBeeches,Starting
BB11.1,BB11,1,1.1,1,BurhamBeeches,Final
BB11.2,BB11,2,2.1,1,BurhamBeeches,Final
BB11.3,BB11,3,3.1,1,BurhamBeeches,Final
BB11.4,BB11,4,4.1,1,BurhamBeeches,Final
BB12,BB12,0,0.5,5,BurhamBeeches,Starting
BB12.1,BB12,1,1.1,1,BurhamBeeches,Final
BB12.2,BB12,2,2.1,1,BurhamBeeches,Final
BB12.3,BB12,3,3.1,1,BurhamBeeches,Final
BB12.4,BB12,4,4.1,1,BurhamBeeches,Final
BB14,BB14,0,0.3,3,BurhamBeeches,Starting
BB14.1,BB14,1,1.1,1,BurhamBeeches,Final
BB14.2,BB14,2,2.1,1,BurhamBeeches,Final
BB14.3,BB14,3,3.1,1,BurhamBeeches,Final
BB14.4,BB14,4,4.1,1,BurhamBeeches,Final
BB15,BB15,0,0.3,3,BurhamBeeches,Starting
BB15.1,BB15,1,1.1,1,BurhamBeeches,Final
BB15.2,BB15,2,2.1,1,BurhamBeeches,Final
BB15.3,BB15,3,3.1,1,BurhamBeeches,Final
BB15.4,BB15,4,4.1,1,BurhamBeeches,Final
BB16,BB16,0,0.3,3,BurhamBeeches,Starting
BB16.1,BB16,1,1.1,1,BurhamBeeches,Final
BB16.2,BB16,2,2.1,1,BurhamBeeches,Final
BB16.3,BB16,3,3.1,1,BurhamBeeches,Final
BB16.4,BB16,4,4.1,1,BurhamBeeches,Final
BB17,BB17,0,0.3,3,BurhamBeeches,Starting
BB17.1,BB17,1,1.2,2,BurhamBeeches,Final
BB17.2,BB17,2,2.2,2,BurhamBeeches,Final
BB17.3,BB17,3,3.1,1,BurhamBeeches,Final
BB17.4,BB17,4,4.1,1,BurhamBeeches,Final
BB18,BB18,0,0.4,4,BurhamBeeches,Starting
BB18.1,BB18,1,1.1,1,BurhamBeeches,Final
BB18.2,BB18,2,2.1,1,BurhamBeeches,Final
BB18.3,BB18,3,3.1,1,BurhamBeeches,Final
BB18.4,BB18,4,4.1,1,BurhamBeeches,Final
BB20,BB20,0,0.3,3,BurhamBeeches,Starting
BB20.1,BB20,1,1.1,1,BurhamBeeches,Final
BB20.2,BB20,2,2.1,1,BurhamBeeches,Final
BB20.3,BB20,3,3.1,1,BurhamBeeches,Final
BB20.4,BB20,4,4.1,1,BurhamBeeches,Final
BB21,BB21,0,0.4,4,BurhamBeeches,Starting
BB21.1,BB21,1,1.1,1,BurhamBeeches,Final
BB21.2,BB21,2,2.1,1,BurhamBeeches,Final
BB21.3,BB21,3,3.1,1,BurhamBeeches,Final
BB21.4,BB21,4,4.1,1,BurhamBeeches,Final
BB23,BB23,0,0.1,1,BurhamBeeches,Starting
BB23.1,BB23,1,1.1,1,BurhamBeeches,Final
BB23.2,BB23,2,2.1,1,BurhamBeeches,Final
BB23.3,BB23,3,3.1,1,BurhamBeeches,Final
BB23.4,BB23,4,4.1,1,BurhamBeeches,Final
BB24,BB24,0,0.5,5,BurhamBeeches,Starting
BB24.1,BB24,1,1.1,1,BurhamBeeches,Final
BB24.2,BB24,2,2.1,1,BurhamBeeches,Final
BB24.3,BB24,3,3.1,1,BurhamBeeches,Final
BB24.4,BB24,4,4.1,1,BurhamBeeches,Final
BB25,BB25,0,0.3,3,BurhamBeeches,Starting
BB25.1,BB25,1,1.2,2,BurhamBeeches,Final
BB25.2,BB25,2,2.2,2,BurhamBeeches,Final
BB25.3,BB25,3,3.1,1,BurhamBeeches,Final
BB25.4,BB25,4,4.2,2,BurhamBeeches,Final
BB26,BB26,0,0.4,4,BurhamBeeches,Starting
BB26.1,BB26,1,1.2,2,BurhamBeeches,Final
BB26.2,BB26,2,2.2,2,BurhamBeeches,Final
BB26.3,BB26,3,3.2,2,BurhamBeeches,Final
BB26.4,BB26,4,4.2,2,BurhamBeeches,Final
BB33,BB33,0,0.3,3,BurhamBeeches,Starting
BB34,BB34,0,0.4,4,BurhamBeeches,Starting
BB36,BB36,0,0.4,4,BurhamBeeches,Starting
BB37,BB37,0,0.4,4,BurhamBeeches,Starting
BB38,BB38,0,0.2,2,BurhamBeeches,Starting
BB39,BB39,0,0.3,3,BurhamBeeches,Starting
BB43,BB43,0,0.4,4,BurhamBeeches,Starting
BB44,BB44,0,0.4,4,BurhamBeeches,Starting
BB45,BB45,0,0.4,4,BurhamBeeches,Starting
BB46,BB46,0,0.4,4,BurhamBeeches,Starting
BB47,BB47,0,0.4,4,BurhamBeeches,Starting
BB48,BB48,0,0.4,4,BurhamBeeches,Starting
BB49,BB49,0,0.4,4,BurhamBeeches,Starting
BB50,BB50,0,0.2,2,BurhamBeeches,Starting
BB51,BB51,0,0.4,4,BurhamBeeches,Starting
BB53,BB53,0,0.5,5,BurhamBeeches,Starting
BB54,BB54,0,0.5,5,BurhamBeeches,Starting
BB55,BB55,0,0.4,4,BurhamBeeches,Starting
BB56,BB56,0,0.4,4,BurhamBeeches,Starting
BB59,BB59,0,0.2,2,BurhamBeeches,Starting
BB62,BB62,0,0.4,4,BurhamBeeches,Starting
BB65,BB65,0,0.4,4,BurhamBeeches,Starting
BB67,BB67,0,0.4,4,BurhamBeeches,Starting
BB68,BB68,0,0.4,4,BurhamBeeches,Starting
BB69,BB69,0,0.4,4,BurhamBeeches,Starting
BB70,BB70,0,0.4,4,BurhamBeeches,Starting
BB71,BB71,0,0.4,4,BurhamBeeches,Starting
BB72,BB72,0,0.4,4,BurhamBeeches,Starting
BB73,BB73,0,0.4,4,BurhamBeeches,Starting
BB74,BB74,0,0.2,2,BurhamBeeches,Starting
BB75,BB75,0,0.4,4,BurhamBeeches,Starting
BB76,BB76,0,0.4,4,BurhamBeeches,Starting
BB77,BB77,0,0.4,4,BurhamBeeches,Starting
BB78,BB78,0,0.4,4,BurhamBeeches,Starting
BB79,BB79,0,0.3,3,BurhamBeeches,Starting
BB80,BB80,0,0.2,2,BurhamBeeches,Starting
BB81,BB81,0,0.3,3,BurhamBeeches,Starting
BB82,BB82,0,0.4,4,BurhamBeeches,Starting
BB83,BB83,0,0.3,3,BurhamBeeches,Starting
BB84,BB84,0,0.3,3,BurhamBeeches,Starting
BB85,BB85,0,0.2,2,BurhamBeeches,Starting
BB86,BB86,0,0.3,3,BurhamBeeches,Starting
BB87,BB87,0,0.4,4,BurhamBeeches,Starting
BB89,BB89,0,0.2,2,BurhamBeeches,Starting
BB90,BB90,0,0.4,4,BurhamBeeches,Starting
BB91,BB91,0,0.4,4,BurhamBeeches,Starting
BB92,BB92,0,0.2,2,BurhamBeeches,Starting
BB93,BB93,0,0.5,5,BurhamBeeches,Starting
BB94,BB94,0,0.4,4,BurhamBeeches,Starting
BB97,BB97,0,0.2,2,BurhamBeeches,Starting
BB98,BB98,0,0.5,5,BurhamBeeches,Starting
BB99,BB99,0,0.2,2,BurhamBeeches,Starting
BCW01,BCW01,0,0.6,6,BirchcleaveWood,Starting
BCW02,BCW02,0,0.5,5,BirchcleaveWood,Starting
BCW03,BCW03,0,0.5,5,BirchcleaveWood,Starting
BCW04,BCW04,0,0.4,4,BirchcleaveWood,Starting
BCW05,BCW05,0,0.6,6,BirchcleaveWood,Starting
BCW06,BCW06,0,0.4,4,BirchcleaveWood,Starting
BCW07,BCW07,0,0.6,6,BirchcleaveWood,Starting
BCW08,BCW08,0,0.6,6,BirchcleaveWood,Starting
BCW09,BCW09,0,0.5,5,AshCopse,Starting
BCW10,BCW10,0,0.5,5,AshCopse,Starting
BCW11,BCW11,0,0.1,1,AshCopse,Starting
BCW12,BCW12,0,0.2,2,AshCopse,Starting
BCW13,BCW13,0,0.6,6,AshCopse,Starting
BCW14,BCW14,0,0.5,5,AshCopse,Starting
BCW15,BCW15,0,0.6,6,AshCopse,Starting
BCW16,BCW16,0,0.6,6,AshCopse,Starting
BCW17,BCW17,0,0.2,2,AshCopse,Starting
BCW18,BCW18,0,0.6,6,AshCopse,Starting
BCW19,BCW19,0,0.2,2,AshCopse,Starting
BCW20,BCW20,0,0.5,5,AshCopse,Starting
BCW21,BCW21,0,0.6,6,AshCopse,Starting
BCW22,BCW22,0,0.5,5,AshCopse,Starting
BCW23,BCW23,0,0.6,6,AshCopse,Starting
BCW24,BCW24,0,0.6,6,AshCopse,Starting
BCW25,BCW25,0,0.6,6,AshCopse,Starting
BCW26,BCW26,0,0.5,5,AshCopse,Starting
BW01,BW01,0,0.3,3,BishamWoods,Starting
BW02,BW02,0,0.3,3,BishamWoods,Starting
BW03,BW03,0,0.3,3,BishamWoods,Starting
BW04,BW04,0,0.3,3,BishamWoods,Starting
BW05,BW05,0,0.3,3,BishamWoods,Starting
BW06,BW06,0,0.3,3,BishamWoods,Starting
BW07,BW07,0,0.3,3,BishamWoods,Starting
BW08,BW08,0,0.3,3,BishamWoods,Starting
BW09,BW09,0,0.3,3,BishamWoods,Starting
BW10,BW10,0,0.3,3,BishamWoods,Starting
BW11,BW11,0,0.3,3,BishamWoods,Starting
BW12,BW12,0,0.3,3,BishamWoods,Starting
BW13,BW13,0,0.3,3,BishamWoods,Starting
BW14,BW14,0,0.3,3,BishamWoods,Starting
BW15,BW15,0,0.3,3,BishamWoods,Starting
BW16,BW16,0,0.3,3,BishamWoods,Starting
BW17,BW17,0,0.3,3,BishamWoods,Starting
BW18,BW18,0,0.3,3,BishamWoods,Starting
BW19,BW19,0,0.3,3,BishamWoods,Starting
BW20,BW20,0,0.3,3,BishamWoods,Starting
BW21,BW21,0,0.3,3,BishamWoods,Starting
BW22,BW22,0,0.3,3,BishamWoods,Starting
BW23,BW23,0,0.3,3,BishamWoods,Starting
BW24,BW24,0,0.3,3,BishamWoods,Starting
BWd01,BWd01,0,0.3,3,BeechWood,Starting
BWd01.1,BWd01,1,1.1,1,BeechWood,Final
BWd01.2,BWd01,2,2.1,1,BeechWood,Final
BWd01.3,BWd01,3,3.1,1,BeechWood,Final
BWd01.4,BWd01,4,4.1,1,BeechWood,Final
BWd02,BWd02,0,0.3,3,BeechWood,Starting
BWd02.1,BWd02,1,1.1,1,BeechWood,Final
BWd02.2,BWd02,2,2.1,1,BeechWood,Final
BWd02.3,BWd02,3,3.1,1,BeechWood,Final
BWd02.4,BWd02,4,4.1,1,BeechWood,Final
BWd03,BWd03,0,0.3,3,BeechWood,Starting
BWd03.1,BWd03,1,1.1,1,BeechWood,Final
BWd03.2,BWd03,2,2.1,1,BeechWood,Final
BWd03.3,BWd03,3,3.1,1,BeechWood,Final
BWd03.4,BWd03,4,4.1,1,BeechWood,Final
BWd04,BWd04,0,0.1,1,BeechWood,Starting
BWd04.1,BWd04,1,1.1,1,BeechWood,Final
BWd04.2,BWd04,2,2.1,1,BeechWood,Final
BWd04.3,BWd04,3,3.1,1,BeechWood,Final
BWd04.4,BWd04,4,4.1,1,BeechWood,Final
BWd05,BWd05,0,0.5,5,BeechWood,Starting
BWd05.1,BWd05,1,1.1,1,BeechWood,Final
BWd05.2,BWd05,2,2.1,1,BeechWood,Final
BWd05.3,BWd05,3,3.1,1,BeechWood,Final
BWd05.4,BWd05,4,4.1,1,BeechWood,Final
BWd06,BWd06,0,0.5,5,BeechWood,Starting
BWd06.1,BWd06,1,1.1,1,BeechWood,Final
BWd06.2,BWd06,2,2.1,1,BeechWood,Final
BWd06.3,BWd06,3,3.1,1,BeechWood,Final
BWd06.4,BWd06,4,4.1,1,BeechWood,Final
BWd07,BWd07,0,0.3,3,BeechWood,Starting
BWd07.1,BWd07,1,1.1,1,BeechWood,Final
BWd07.2,BWd07,2,2.1,1,BeechWood,Final
BWd07.3,BWd07,3,3.1,1,BeechWood,Final
BWd07.4,BWd07,4,4.2,2,BeechWood,Final
HW01,HW01,0,0.3,3,HuntsWoods,Starting
HW02,HW02,0,0.3,3,HuntsWoods,Starting
HW03,HW03,0,0.3,3,HuntsWoods,Starting
HW04,HW04,0,0.3,3,HuntsWoods,Starting
HW05,HW05,0,0.3,3,HuntsWoods,Starting
HW06,HW06,0,0.3,3,HuntsWoods,Starting
HW07,HW07,0,0.3,3,HuntsWoods,Starting
HW08,HW08,0,0.3,3,HuntsWoods,Starting
HW09,HW09,0,0.3,3,HuntsWoods,Starting
HW10,HW10,0,0.3,3,HuntsWoods,Starting
HW11,HW11,0,0.3,3,HuntsWoods,Starting
HW12,HW12,0,0.3,3,HuntsWoods,Starting
HW13,HW13,0,0.3,3,HuntsWoods,Starting
HW14,HW14,0,0.3,3,HuntsWoods,Starting
HW15,HW15,0,0.3,3,HuntsWoods,Starting
HW16,HW16,0,0.3,3,HuntsWoods,Starting
LW01,LW01,0,0.3,3,LongWood,Starting
LW01.1,LW01,1,1.1,1,LongWood,Final
LW01.2,LW01,2,2.1,1,LongWood,Final
LW01.3,LW01,3,3.1,1,LongWood,Final
LW01.4,LW01,4,4.1,1,LongWood,Final
LW02,LW02,0,0.5,5,LongWood,Starting
LW02.1,LW02,1,1.1,1,LongWood,Final
LW02.2,LW02,2,2.1,1,LongWood,Final
LW02.3,LW02,3,3.1,1,LongWood,Final
LW02.4,LW02,4,4.1,1,LongWood,Final
LW03,LW03,0,0.3,3,LongWood,Starting
LW03.1,LW03,1,1.1,1,LongWood,Final
LW03.2,LW03,2,2.1,1,LongWood,Final
LW03.3,LW03,3,3.1,1,LongWood,Final
LW03.4,LW03,4,4.1,1,LongWood,Final
LW04,LW04,0,0.1,1,LongWood,Starting
LW04.1,LW04,1,1.1,1,LongWood,Final
LW04.2,LW04,2,2.1,1,LongWood,Final
LW04.3,LW04,3,3.1,1,LongWood,Final
LW04.4,LW04,4,4.1,1,LongWood,Final
LW05,LW05,0,0.1,1,LongWood,Starting
LW05.1,LW05,1,1.1,1,LongWood,Final
LW05.2,LW05,2,2.1,1,LongWood,Final
LW05.3,LW05,3,3.1,1,LongWood,Final
LW05.4,LW05,4,4.1,1,LongWood,Final
LW06,LW06,0,0.3,3,LongWood,Starting
LW06.1,LW06,1,1.1,1,LongWood,Final
LW06.2,LW06,2,2.1,1,LongWood,Final
LW06.3,LW06,3,3.1,1,LongWood,Final
LW06.4,LW06,4,4.1,1,LongWood,Final
LW07,LW07,0,0.1,1,LongWood,Starting
LW07.1,LW07,1,1.1,1,LongWood,Final
LW07.2,LW07,2,2.1,1,LongWood,Final
LW07.3,LW07,3,3.1,1,LongWood,Final
LW07.4,LW07,4,4.1,1,LongWood,Final
LW08,LW08,0,0.3,3,LongWood,Starting
LW08.1,LW08,1,1.1,1,LongWood,Final
LW08.2,LW08,2,2.1,1,LongWood,Final
LW08.3,LW08,3,3.1,1,LongWood,Final
LW08.4,LW08,4,4.1,1,LongWood,Final
LW09,LW09,0,0.3,3,LongWood,Starting
LW09.1,LW09,1,1.1,1,LongWood,Final
LW09.2,LW09,2,2.1,1,LongWood,Final
LW09.3,LW09,3,3.1,1,LongWood,Final
LW09.4,LW09,4,4.1,1,LongWood,Final
LW10,LW10,0,0.3,3,LongWood,Starting
LW10.1,LW10,1,1.1,1,LongWood,Final
LW10.2,LW10,2,2.1,1,LongWood,Final
LW10.3,LW10,3,3.1,1,LongWood,Final
LW10.4,LW10,4,4.1,1,LongWood,Final
LW11,LW11,0,0.3,3,LongWood,Starting
LW11.1,LW11,1,1.1,1,LongWood,Final
LW11.2,LW11,2,2.1,1,LongWood,Final
LW11.3,LW11,3,3.1,1,LongWood,Final
LW11.4,LW11,4,4.1,1,LongWood,Final
LW12,LW12,0,0.3,3,LongWood,Starting
LW12.1,LW12,1,1.1,1,LongWood,Final
LW12.2,LW12,2,2.1,1,LongWood,Final
LW12.3,LW12,3,3.1,1,LongWood,Final
LW12.4,LW12,4,4.1,1,LongWood,Final
OWW01,OWW01,0,0.3,3,OldWindsorWood,Starting
OWW01.1,OWW01,1,1.2,2,OldWindsorWood,Final
OWW01.2,OWW01,2,2.1,1,OldWindsorWood,Final
OWW01.3,OWW01,3,3.1,1,OldWindsorWood,Final
OWW01.4,OWW01,4,4.1,1,OldWindsorWood,Final
OWW02,OWW02,0,0.3,3,OldWindsorWood,Starting
OWW02.1,OWW02,1,1.1,1,OldWindsorWood,Final
OWW02.2,OWW02,2,2.1,1,OldWindsorWood,Final
OWW02.3,OWW02,3,3.1,1,OldWindsorWood,Final
OWW02.4,OWW02,4,4.1,1,OldWindsorWood,Final
OWW03,OWW03,0,0.1,1,OldWindsorWood,Starting
OWW03.1,OWW03,1,1.1,1,OldWindsorWood,Final
OWW03.2,OWW03,2,2.1,1,OldWindsorWood,Final
OWW03.3,OWW03,3,3.1,1,OldWindsorWood,Final
OWW03.4,OWW03,4,4.1,1,OldWindsorWood,Final
OWW04,OWW04,0,0.3,3,OldWindsorWood,Starting
OWW04.1,OWW04,1,1.1,1,OldWindsorWood,Final
OWW04.2,OWW04,2,2.1,1,OldWindsorWood,Final
OWW04.3,OWW04,3,3.1,1,OldWindsorWood,Final
OWW04.4,OWW04,4,4.1,1,OldWindsorWood,Final
OWW05,OWW05,0,0.3,3,OldWindsorWood,Starting
OWW05.1,OWW05,1,1.1,1,OldWindsorWood,Final
OWW05.2,OWW05,2,2.1,1,OldWindsorWood,Final
OWW05.3,OWW05,3,3.1,1,OldWindsorWood,Final
OWW05.4,OWW05,4,4.1,1,OldWindsorWood,Final
OWW06,OWW06,0,0.3,3,OldWindsorWood,Starting
OWW06.1,OWW06,1,1.1,1,OldWindsorWood,Final
OWW06.2,OWW06,2,2.1,1,OldWindsorWood,Final
OWW06.3,OWW06,3,3.1,1,OldWindsorWood,Final
OWW06.4,OWW06,4,4.1,1,OldWindsorWood,Final
OWW07,OWW07,0,0.3,3,OldWindsorWood,Starting
OWW07.1,OWW07,1,1.1,1,OldWindsorWood,Final
OWW07.2,OWW07,2,2.1,1,OldWindsorWood,Final
OWW07.3,OWW07,3,3.1,1,OldWindsorWood,Final
OWW07.4,OWW07,4,4.1,1,OldWindsorWood,Final
OWW08,OWW08,0,0.3,3,OldWindsorWood,Starting
OWW08.1,OWW08,1,1.1,1,OldWindsorWood,Final
OWW08.2,OWW08,2,2.1,1,OldWindsorWood,Final
OWW08.3,OWW08,3,3.2,2,OldWindsorWood,Final
OWW08.4,OWW08,4,4.1,1,OldWindsorWood,Final
OWW09,OWW09,0,0.3,3,OldWindsorWood,Starting
OWW09.1,OWW09,1,1.1,1,OldWindsorWood,Final
OWW09.2,OWW09,2,2.1,1,OldWindsorWood,Final
OWW09.3,OWW09,3,3.1,1,OldWindsorWood,Final
OWW09.4,OWW09,4,4.1,1,OldWindsorWood,Final
OWW10,OWW10,0,0.3,3,OldWindsorWood,Starting
OWW10.1,OWW10,1,1.1,1,OldWindsorWood,Final
OWW10.2,OWW10,2,2.1,1,OldWindsorWood,Final
OWW10.3,OWW10,3,3.1,1,OldWindsorWood,Final
OWW10.4,OWW10,4,4.1,1,OldWindsorWood,Final
OWW11,OWW11,0,0.3,3,OldWindsorWood,Starting
OWW11.1,OWW11,1,1.1,1,OldWindsorWood,Final
OWW11.2,OWW11,2,2.1,1,OldWindsorWood,Final
OWW11.3,OWW11,3,3.1,1,OldWindsorWood,Final
OWW11.4,OWW11,4,4.1,1,OldWindsorWood,Final
OWW12,OWW12,0,0.3,3,OldWindsorWood,Starting
OWW12.1,OWW12,1,1.1,1,OldWindsorWood,Final
OWW12.2,OWW12,2,2.1,1,OldWindsorWood,Final
OWW12.3,OWW12,3,3.1,1,OldWindsorWood,Final
OWW12.4,OWW12,4,4.1,1,OldWindsorWood,Final
OWW13,OWW13,0,0.3,3,OldWindsorWood,Starting
OWW13.1,OWW13,1,1.1,1,OldWindsorWood,Final
OWW13.2,OWW13,2,2.1,1,OldWindsorWood,Final
OWW13.3,OWW13,3,3.1,1,OldWindsorWood,Final
OWW13.4,OWW13,4,4.1,1,OldWindsorWood,Final
OWW14,OWW14,0,0.4,4,OldWindsorWood,Starting
OWW14.1,OWW14,1,1.1,1,OldWindsorWood,Final
OWW14.2,OWW14,2,2.2,2,OldWindsorWood,Final
OWW14.3,OWW14,3,3.2,2,OldWindsorWood,Final
OWW14.4,OWW14,4,4.2,2,OldWindsorWood,Final
OWW15,OWW15,0,0.3,3,OldWindsorWood,Starting
OWW15.1,OWW15,1,1.2,2,OldWindsorWood,Final
OWW15.2,OWW15,2,2.2,2,OldWindsorWood,Final
OWW15.3,OWW15,3,3.2,2,OldWindsorWood,Final
OWW15.4,OWW15,4,4.2,2,OldWindsorWood,Final
OWW16,OWW16,0,0.3,3,OldWindsorWood,Starting
OWW16.1,OWW16,1,1.2,2,OldWindsorWood,Final
OWW16.2,OWW16,2,2.2,2,OldWindsorWood,Final
OWW16.3,OWW16,3,3.2,2,OldWindsorWood,Final
OWW16.4,OWW16,4,4.2,2,OldWindsorWood,Final
PH01,PH01,0,0.1,1,PullingshillWood,Starting
PH01.1,PH01,1,1.2,2,PullingshillWood,Final
PH01.2,PH01,2,2.2,2,PullingshillWood,Final
PH01.3,PH01,3,3.2,2,PullingshillWood,Final
PH01.4,PH01,4,4.2,2,PullingshillWood,Final
PH02,PH02,0,0.3,3,PullingshillWood,Starting
PH02.1,PH02,1,1.2,2,PullingshillWood,Final
PH02.2,PH02,2,2.1,1,PullingshillWood,Final
PH02.3,PH02,3,3.2,2,PullingshillWood,Final
PH02.4,PH02,4,4.2,2,PullingshillWood,Final
PH03,PH03,0,0.3,3,PullingshillWood,Starting
PH03.1,PH03,1,1.2,2,PullingshillWood,Final
PH03.2,PH03,2,2.2,2,PullingshillWood,Final
PH03.3,PH03,3,3.2,2,PullingshillWood,Final
PH03.4,PH03,4,4.2,2,PullingshillWood,Final
PH04,PH04,0,0.1,1,PullingshillWood,Starting
PH04.1,PH04,1,1.2,2,PullingshillWood,Final
PH04.2,PH04,2,2.2,2,PullingshillWood,Final
PH04.3,PH04,3,3.2,2,PullingshillWood,Final
PH04.4,PH04,4,4.2,2,PullingshillWood,Final
PH05,PH05,0,0.3,3,PullingshillWood,Starting
PH05.1,PH05,1,1.2,2,PullingshillWood,Final
PH05.2,PH05,2,2.2,2,PullingshillWood,Final
PH05.3,PH05,3,3.2,2,PullingshillWood,Final
PH05.4,PH05,4,4.2,2,PullingshillWood,Final
PH06,PH06,0,0.3,3,PullingshillWood,Starting
PH06.1,PH06,1,1.2,2,PullingshillWood,Final
PH06.2,PH06,2,2.2,2,PullingshillWood,Final
PH06.3,PH06,3,3.2,2,PullingshillWood,Final
PH06.4,PH06,4,4.2,2,PullingshillWood,Final
PH07,PH07,0,0.4,4,PullingshillWood,Starting
PH07.1,PH07,1,1.2,2,PullingshillWood,Final
PH07.2,PH07,2,2.2,2,PullingshillWood,Final
PH07.3,PH07,3,3.2,2,PullingshillWood,Final
PH07.4,PH07,4,4.2,2,PullingshillWood,Final
PH08,PH08,0,0.1,1,PullingshillWood,Starting
PH08.1,PH08,1,1.2,2,PullingshillWood,Final
PH08.2,PH08,2,2.2,2,PullingshillWood,Final
PH08.3,PH08,3,3.2,2,PullingshillWood,Final
PH08.4,PH08,4,4.2,2,PullingshillWood,Final
PH09,PH09,0,0.2,2,PullingshillWood,Starting
PH09.1,PH09,1,1.2,2,PullingshillWood,Final
PH09.2,PH09,2,2.2,2,PullingshillWood,Final
PH09.3,PH09,3,3.2,2,PullingshillWood,Final
PH09.4,PH09,4,4.2,2,PullingshillWood,Final
PH10,PH10,0,0.2,2,PullingshillWood,Starting
PH10.1,PH10,1,1.2,2,PullingshillWood,Final
PH10.2,PH10,2,2.2,2,PullingshillWood,Final
PH10.3,PH10,3,3.2,2,PullingshillWood,Final
PH10.4,PH10,4,4.2,2,PullingshillWood,Final
PH11,PH11,0,0.4,4,PullingshillWood,Starting
PH11.1,PH11,1,1.2,2,PullingshillWood,Final
PH11.2,PH11,2,2.2,2,PullingshillWood,Final
PH11.3,PH11,3,3.2,2,PullingshillWood,Final
PH11.4,PH11,4,4.2,2,PullingshillWood,Final
PH12,PH12,0,0.2,2,PullingshillWood,Starting
PH12.1,PH12,1,1.2,2,PullingshillWood,Final
PH12.2,PH12,2,2.2,2,PullingshillWood,Final
PH12.3,PH12,3,3.2,2,PullingshillWood,Final
PH12.4,PH12,4,4.2,2,PullingshillWood,Final
PH13,PH13,0,0.4,4,PullingshillWood,Starting
PH13.1,PH13,1,1.2,2,PullingshillWood,Final
PH13.2,PH13,2,2.2,2,PullingshillWood,Final
PH13.3,PH13,3,3.2,2,PullingshillWood,Final
PH13.4,PH13,4,4.2,2,PullingshillWood,Final
PH14,PH14,0,0.4,4,PullingshillWood,Starting
PH14.1,PH14,1,1.2,2,PullingshillWood,Final
PH14.2,PH14,2,2.2,2,PullingshillWood,Final
PH14.3,PH14,3,3.2,2,PullingshillWood,Final
PH14.4,PH14,4,4.2,2,PullingshillWood,Final
PH15,PH15,0,0.2,2,PullingshillWood,Starting
PH15.1,PH15,1,1.2,2,PullingshillWood,Final
PH15.2,PH15,2,2.2,2,PullingshillWood,Final
PH15.3,PH15,3,3.2,2,PullingshillWood,Final
PH15.4,PH15,4,4.2,2,PullingshillWood,Final
PH16,PH16,0,0.4,4,PullingshillWood,Starting
PH16.1,PH16,1,1.2,2,PullingshillWood,Final
PH16.2,PH16,2,2.2,2,PullingshillWood,Final
PH16.3,PH16,3,3.2,2,PullingshillWood,Final
PH16.4,PH16,4,4.2,2,PullingshillWood,Final
PH17,PH17,0,0.2,2,PullingshillWood,Starting
PH17.1,PH17,1,1.2,2,PullingshillWood,Final
PH17.2,PH17,2,2.2,2,PullingshillWood,Final
PH17.3,PH17,3,3.2,2,PullingshillWood,Final
PH17.4,PH17,4,4.2,2,PullingshillWood,Final
PH18,PH18,0,0.2,2,PullingshillWood,Starting
PH18.1,PH18,1,1.2,2,PullingshillWood,Final
PH18.2,PH18,2,2.2,2,PullingshillWood,Final
PH18.3,PH18,3,3.2,2,PullingshillWood,Final
PH18.4,PH18,4,4.2,2,PullingshillWood,Final
PH19,PH19,0,0.2,2,PullingshillWood,Starting
PH19.1,PH19,1,1.2,2,PullingshillWood,Final
PH19.2,PH19,2,2.2,2,PullingshillWood,Final
PH19.3,PH19,3,3.2,2,PullingshillWood,Final
PH19.4,PH19,4,4.2,2,PullingshillWood,Final
PH20,PH20,0,0.2,2,PullingshillWood,Starting
PH20.1,PH20,1,1.2,2,PullingshillWood,Final
PH20.2,PH20,2,2.2,2,PullingshillWood,Final
PH20.3,PH20,3,3.2,2,PullingshillWood,Final
PH20.4,PH20,4,4.2,2,PullingshillWood,Final
PH21,PH21,0,0.4,4,PullingshillWood,Starting
PH21.1,PH21,1,1.2,2,PullingshillWood,Final
PH21.2,PH21,2,2.2,2,PullingshillWood,Final
PH21.3,PH21,3,3.2,2,PullingshillWood,Final
PH21.4,PH21,4,4.2,2,PullingshillWood,Final
PH22,PH22,0,0.2,2,PullingshillWood,Starting
PH22.1,PH22,1,1.2,2,PullingshillWood,Final
PH22.2,PH22,2,2.2,2,PullingshillWood,Final
PH22.3,PH22,3,3.1,1,PullingshillWood,Final
PH22.4,PH22,4,4.2,2,PullingshillWood,Final
PH24,PH24,0,0.2,2,PullingshillWood,Starting
PH24.1,PH24,1,1.2,2,PullingshillWood,Final
PH24.2,PH24,2,2.1,1,PullingshillWood,Final
PH24.3,PH24,3,3.2,2,PullingshillWood,Final
PH24.4,PH24,4,4.2,2,PullingshillWood,Final
SAC02,SAC02,0,0.2,2,StAlbansCity,Starting
SAC02.1,SAC02,1,1.1,1,StAlbansCity,Final
SAC02.2,SAC02,2,2.2,2,StAlbansCity,Final
SAC02.3,SAC02,3,3.2,2,StAlbansCity,Final
SAC02.4,SAC02,4,4.2,2,StAlbansCity,Final
SAC03,SAC03,0,0.4,4,StAlbansCity,Starting
SAC03.1,SAC03,1,1.1,1,StAlbansCity,Final
SAC03.2,SAC03,2,2.2,2,StAlbansCity,Final
SAC03.3,SAC03,3,3.2,2,StAlbansCity,Final
SAC03.4,SAC03,4,4.1,1,StAlbansCity,Final
SAC04,SAC04,0,0.4,4,StAlbansCity,Starting
SAC04.1,SAC04,1,1.1,1,StAlbansCity,Final
SAC04.2,SAC04,2,2.2,2,StAlbansCity,Final
SAC04.3,SAC04,3,3.2,2,StAlbansCity,Final
SAC04.4,SAC04,4,4.2,2,StAlbansCity,Final
SAC05,SAC05,0,0.4,4,StAlbansCity,Starting
SAC05.1,SAC05,1,1.1,1,StAlbansCity,Final
SAC05.2,SAC05,2,2.1,1,StAlbansCity,Final
SAC05.3,SAC05,3,3.2,2,StAlbansCity,Final
SAC05.4,SAC05,4,4.2,2,StAlbansCity,Final
SAC06,SAC06,0,0.2,2,StAlbansCity,Starting
SAC06.1,SAC06,1,1.1,1,StAlbansCity,Final
SAC06.2,SAC06,2,2.2,2,StAlbansCity,Final
SAC06.3,SAC06,3,3.2,2,StAlbansCity,Final
SAC06.4,SAC06,4,4.2,2,StAlbansCity,Final
SAC07,SAC07,0,0.2,2,StAlbansCity,Starting
SAC07.1,SAC07,1,1.1,1,StAlbansCity,Final
SAC07.2,SAC07,2,2.2,2,StAlbansCity,Final
SAC07.3,SAC07,3,3.2,2,StAlbansCity,Final
SAC07.4,SAC07,4,4.2,2,StAlbansCity,Final
SAC08,SAC08,0,0.4,4,StAlbansCity,Starting
SAC08.1,SAC08,1,1.2,2,StAlbansCity,Final
SAC08.2,SAC08,2,2.2,2,StAlbansCity,Final
SAC08.3,SAC08,3,3.2,2,StAlbansCity,Final
SAC08.4,SAC08,4,4.2,2,StAlbansCity,Final
SAC09,SAC09,0,0.4,4,StAlbansCity,Starting
SAC09.1,SAC09,1,1.2,2,StAlbansCity,Final
SAC09.2,SAC09,2,2.2,2,StAlbansCity,Final
SAC09.3,SAC09,3,3.2,2,StAlbansCity,Final
SAC09.4,SAC09,4,4.2,2,StAlbansCity,Final
SAC10,SAC10,0,0.2,2,StAlbansCity,Starting
SAC10.1,SAC10,1,1.2,2,StAlbansCity,Final
SAC10.2,SAC10,2,2.2,2,StAlbansCity,Final
SAC10.3,SAC10,3,3.2,2,StAlbansCity,Final
SAC10.4,SAC10,4,4.2,2,StAlbansCity,Final
SAC11,SAC11,0,0.4,4,StAlbansCity,Starting
SAC11.1,SAC11,1,1.2,2,StAlbansCity,Final
SAC11.2,SAC11,2,2.2,2,StAlbansCity,Final
SAC11.3,SAC11,3,3.2,2,StAlbansCity,Final
SAC11.4,SAC11,4,4.2,2,StAlbansCity,Final
SAC12,SAC12,0,0.2,2,StAlbansCity,Starting
SAC12.1,SAC12,1,1.2,2,StAlbansCity,Final
SAC12.2,SAC12,2,2.2,2,StAlbansCity,Final
SAC12.3,SAC12,3,3.2,2,StAlbansCity,Final
SAC12.4,SAC12,4,4.2,2,StAlbansCity,Final
SAC13,SAC13,0,0.2,2,StAlbansCity,Starting
SAC13.1,SAC13,1,1.2,2,StAlbansCity,Final
SAC13.2,SAC13,2,2.2,2,StAlbansCity,Final
SAC13.3,SAC13,3,3.2,2,StAlbansCity,Final
SAC13.4,SAC13,4,4.2,2,StAlbansCity,Final
SAC14,SAC14,0,0.4,4,StAlbansCity,Starting
SAC14.1,SAC14,1,1.1,1,StAlbansCity,Final
SAC14.2,SAC14,2,2.2,2,StAlbansCity,Final
SAC14.3,SAC14,3,3.2,2,StAlbansCity,Final
SAC14.4,SAC14,4,4.1,1,StAlbansCity,Final
SAC15,SAC15,0,0.2,2,StAlbansCity,Starting
SAC15.1,SAC15,1,1.1,1,StAlbansCity,Final
SAC15.2,SAC15,2,2.1,1,StAlbansCity,Final
SAC15.3,SAC15,3,3.1,1,StAlbansCity,Final
SAC15.4,SAC15,4,4.1,1,StAlbansCity,Final
SAC16,SAC16,0,0.2,2,StAlbansCity,Starting
SAC16.1,SAC16,1,1.1,1,StAlbansCity,Final
SAC16.2,SAC16,2,2.1,1,StAlbansCity,Final
SAC16.3,SAC16,3,3.1,1,StAlbansCity,Final
SAC16.4,SAC16,4,4.1,1,StAlbansCity,Final
SNG01,SNG01,0,0.4,4,Sunningdale,Starting
SNG02,SNG02,0,0.4,4,Sunningdale,Starting
SP10,SP10,0,0.4,4,SilwoodPark,Starting
SP11,SP11,0,0.4,4,SilwoodPark,Starting
SP12,SP12,0,0.4,4,SilwoodPark,Starting
SP13,SP13,0,0.1,1,SilwoodPark,Starting
SP14,SP14,0,0.4,4,SilwoodPark,Starting
SP15,SP15,0,0.1,1,SilwoodPark,Starting
SP16,SP16,0,0.6,6,SilwoodPark,Starting
SP17,SP17,0,0.4,4,SilwoodPark,Starting
WEL01,WEL01,0,0.2,2,CombeHill,Starting
WEL01.1,WEL01,1,1.2,2,CombeHill,Final
WEL01.2,WEL01,2,2.2,2,CombeHill,Final
WEL01.3,WEL01,3,3.2,2,CombeHill,Final
WEL01.4,WEL01,4,4.2,2,CombeHill,Final
WEL02,WEL02,0,0.2,2,CombeHill,Starting
WEL02.1,WEL02,1,1.2,2,CombeHill,Final
WEL02.2,WEL02,2,2.2,2,CombeHill,Final
WEL02.3,WEL02,3,3.2,2,CombeHill,Final
WEL02.4,WEL02,4,4.2,2,CombeHill,Final
WEL03,WEL03,0,0.4,4,CombeHill,Starting
WEL03.1,WEL03,1,1.2,2,CombeHill,Final
WEL03.2,WEL03,2,2.2,2,CombeHill,Final
WEL03.3,WEL03,3,3.2,2,CombeHill,Final
WEL03.4,WEL03,4,4.2,2,CombeHill,Final
WEL04,WEL04,0,0.4,4,CombeHill,Starting
WEL04.1,WEL04,1,1.2,2,CombeHill,Final
WEL04.2,WEL04,2,2.2,2,CombeHill,Final
WEL04.3,WEL04,3,3.2,2,CombeHill,Final
WEL04.4,WEL04,4,4.2,2,CombeHill,Final
WEL05,WEL05,0,0.4,4,CombeHill,Starting
WEL05.1,WEL05,1,1.2,2,CombeHill,Final
WEL05.2,WEL05,2,2.2,2,CombeHill,Final
WEL05.3,WEL05,3,3.2,2,CombeHill,Final
WEL05.4,WEL05,4,4.2,2,CombeHill,Final
WEL06,WEL06,0,0.4,4,CombeHill,Starting
WEL06.1,WEL06,1,1.2,2,CombeHill,Final
WEL06.2,WEL06,2,2.2,2,CombeHill,Final
WEL06.3,WEL06,3,3.2,2,CombeHill,Final
WEL06.4,WEL06,4,4.2,2,CombeHill,Final
WEL07,WEL07,0,0.4,4,CombeHill,Starting
WEL07.1,WEL07,1,1.2,2,CombeHill,Final
WEL07.2,WEL07,2,2.2,2,CombeHill,Final
WEL07.3,WEL07,3,3.2,2,CombeHill,Final
WEL07.4,WEL07,4,4.2,2,CombeHill,Final
WEL08,WEL08,0,0.2,2,CombeHill,Starting
WEL08.1,WEL08,1,1.1,1,CombeHill,Final
WEL08.2,WEL08,2,2.2,2,CombeHill,Final
WEL08.3,WEL08,3,3.2,2,CombeHill,Final
WEL08.4,WEL08,4,4.2,2,CombeHill,Final
WEL09,WEL09,0,0.4,4,CombeHill,Starting
WEL09.1,WEL09,1,1.2,2,CombeHill,Final
WEL09.2,WEL09,2,2.2,2,CombeHill,Final
WEL09.3,WEL09,3,3.2,2,CombeHill,Final
WEL09.4,WEL09,4,4.2,2,CombeHill,Final
WEL10,WEL10,0,0.2,2,CombeHill,Starting
WEL10.1,WEL10,1,1.2,2,CombeHill,Final
WEL10.2,WEL10,2,2.2,2,CombeHill,Final
WEL10.3,WEL10,3,3.2,2,CombeHill,Final
WEL10.4,WEL10,4,4.2,2,CombeHill,Final
WEL11,WEL11,0,0.2,2,CombeHill,Starting
WEL11.1,WEL11,1,1.2,2,CombeHill,Final
WEL11.2,WEL11,2,2.2,2,CombeHill,Final
WEL11.3,WEL11,3,3.2,2,CombeHill,Final
WEL11.4,WEL11,4,4.2,2,CombeHill,Final
WEL12,WEL12,0,0.2,2,CombeHill,Starting
WEL12.1,WEL12,1,1.2,2,CombeHill,Final
WEL12.2,WEL12,2,2.2,2,CombeHill,Final
WEL12.3,WEL12,3,3.2,2,CombeHill,Final
WEL12.4,WEL12,4,4.2,2,CombeHill,Final
WEL13,WEL13,0,0.2,2,CombeHill,Starting
WEL13.1,WEL13,1,1.2,2,CombeHill,Final
WEL13.2,WEL13,2,2.2,2,CombeHill,Final
WEL13.3,WEL13,3,3.2,2,CombeHill,Final
WEL13.4,WEL13,4,4.2,2,CombeHill,Final
WEL14,WEL14,0,0.2,2,CombeHill,Starting
WEL14.1,WEL14,1,1.2,2,CombeHill,Final
WEL14.2,WEL14,2,2.2,2,CombeHill,Final
WEL14.3,WEL14,3,3.2,2,CombeHill,Final
WEL14.4,WEL14,4,4.2,2,CombeHill,Final
WEL15,WEL15,0,0.2,2,CombeHill,Starting
WEL15.1,WEL15,1,1.2,2,CombeHill,Final
WEL15.2,WEL15,2,2.2,2,CombeHill,Final
WEL15.3,WEL15,3,3.2,2,CombeHill,Final
WEL15.4,WEL15,4,4.2,2,CombeHill,Final
WEL16,WEL16,0,0.4,4,CombeHill,Starting
WEL16.1,WEL16,1,1.2,2,CombeHill,Final
WEL16.2,WEL16,2,2.2,2,CombeHill,Final
WEL16.3,WEL16,3,3.2,2,CombeHill,Final
WEL16.4,WEL16,4,4.2,2,CombeHill,Final
WEL17,WEL17,0,0.4,4,CombeHill,Starting
WEL17.1,WEL17,1,1.2,2,CombeHill,Final
WEL17.2,WEL17,2,2.2,2,CombeHill,Final
WEL17.3,WEL17,3,3.2,2,CombeHill,Final
WEL17.4,WEL17,4,4.2,2,CombeHill,Final
WEL18,WEL18,0,0.2,2,CombeHill,Starting
WEL18.1,WEL18,1,1.2,2,CombeHill,Final
WEL18.2,WEL18,2,2.2,2,CombeHill,Final
WEL18.3,WEL18,3,3.2,2,CombeHill,Final
WEL18.4,WEL18,4,4.2,2,CombeHill,Final
WEL19,WEL19,0,0.4,4,CombeHill,Starting
WEL19.1,WEL19,1,1.2,2,CombeHill,Final
WEL19.2,WEL19,2,2.2,2,CombeHill,Final
WEL19.3,WEL19,3,3.2,2,CombeHill,Final
WEL19.4,WEL19,4,4.2,2,CombeHill,Final
WEL20,WEL20,0,0.2,2,CombeHill,Starting
WEL20.1,WEL20,1,1.2,2,CombeHill,Final
WEL20.2,WEL20,2,2.2,2,CombeHill,Final
WEL20.3,WEL20,3,3.2,2,CombeHill,Final
WEL20.4,WEL20,4,4.2,2,CombeHill,Final
WEL22,WEL22,0,0.2,2,CombeHill,Starting
WEL22.1,WEL22,1,1.2,2,CombeHill,Final
WEL22.2,WEL22,2,2.2,2,CombeHill,Final
WEL22.3,WEL22,3,3.2,2,CombeHill,Final
WEL22.4,WEL22,4,4.2,2,CombeHill,Final
WEL23,WEL23,0,0.2,2,CombeHill,Starting
WEL23.1,WEL23,1,1.2,2,CombeHill,Final
WEL23.2,WEL23,2,2.2,2,CombeHill,Final
WEL23.3,WEL23,3,3.2,2,CombeHill,Final
WEL23.4,WEL23,4,4.1,1,CombeHill,Final
WEL24,WEL24,0,0.4,4,CombeHill,Starting
WEL24.1,WEL24,1,1.1,1,CombeHill,Final
WEL24.2,WEL24,2,2.1,1,CombeHill,Final
WEL24.3,WEL24,3,3.1,1,CombeHill,Final
WEL24.4,WEL24,4,4.1,1,CombeHill,Final
WEL25,WEL25,0,0.2,2,CombeHill,Starting
WEL25.1,WEL25,1,1.1,1,CombeHill,Final
WEL25.2,WEL25,2,2.1,1,CombeHill,Final
WEL25.3,WEL25,3,3.1,1,CombeHill,Final
WEL25.4,WEL25,4,4.1,1,CombeHill,Final
WEL26,WEL26,0,0.2,2,CombeHill,Starting
WEL26.1,WEL26,1,1.1,1,CombeHill,Final
WEL26.2,WEL26,2,2.1,1,CombeHill,Final
WEL26.3,WEL26,3,3.1,1,CombeHill,Final
WEL26.4,WEL26,4,4.1,1,CombeHill,Final
WF01,WF01,0,0.3,3,WindsorForest,Starting
WF01.1,WF01,1,1.1,1,WindsorForest,Final
WF01.2,WF01,2,2.1,1,WindsorForest,Final
WF01.3,WF01,3,3.1,1,WindsorForest,Final
WF01.4,WF01,4,4.1,1,WindsorForest,Final
WF02,WF02,0,0.3,3,WindsorForest,Starting
WF02.1,WF02,1,1.1,1,WindsorForest,Final
WF02.2,WF02,2,2.1,1,WindsorForest,Final
WF02.3,WF02,3,3.1,1,WindsorForest,Final
WF02.4,WF02,4,4.1,1,WindsorForest,Final
WF04,WF04,0,0.3,3,WindsorForest,Starting
WF04.1,WF04,1,1.1,1,WindsorForest,Final
WF04.2,WF04,2,2.1,1,WindsorForest,Final
WF04.3,WF04,3,3.2,2,WindsorForest,Final
WF04.4,WF04,4,4.1,1,WindsorForest,Final
WF05,WF05,0,0.3,3,WindsorForest,Starting
WF05.1,WF05,1,1.1,1,WindsorForest,Final
WF05.2,WF05,2,2.1,1,WindsorForest,Final
WF05.3,WF05,3,3.1,1,WindsorForest,Final
WF05.4,WF05,4,4.1,1,WindsorForest,Final
WF06,WF06,0,0.3,3,WindsorForest,Starting
WF06.1,WF06,1,1.1,1,WindsorForest,Final
WF06.2,WF06,2,2.1,1,WindsorForest,Final
WF06.3,WF06,3,3.1,1,WindsorForest,Final
WF06.4,WF06,4,4.1,1,WindsorForest,Final
WF07,WF07,0,0.5,5,WindsorForest,Starting
WF07.1,WF07,1,1.1,1,WindsorForest,Final
WF07.2,WF07,2,2.1,1,WindsorForest,Final
WF07.3,WF07,3,3.1,1,WindsorForest,Final
WF07.4,WF07,4,4.1,1,WindsorForest,Final
WGP01,WGP01,0,0.4,4,WindsorGreatPark,Starting
WGP02,WGP02,0,0.3,3,WindsorGreatPark,Starting
WGP03,WGP03,0,0.3,3,WindsorGreatPark,Starting
WGP04,WGP04,0,0.2,2,WindsorGreatPark,Starting
WGP05,WGP05,0,0.4,4,WindsorGreatPark,Starting
WGP06,WGP06,0,0.3,3,WindsorGreatPark,Starting
WGP07,WGP07,0,0.2,2,WindsorGreatPark,Starting
WGP08,WGP08,0,0.4,4,WindsorGreatPark,Starting
WGP09,WGP09,0,0.2,2,WindsorGreatPark,Starting
WGP10,WGP10,0,0.2,2,WindsorGreatPark,Starting
WGP11,WGP11,0,0.2,2,WindsorGreatPark,Starting
WGP12,WGP12,0,0.2,2,WindsorGreatPark,Starting
WGP13,WGP13,0,0.4,4,WindsorGreatPark,Starting
WGP14,WGP14,0,0.3,3,WindsorGreatPark,Starting
WGP15,WGP15,0,0.5,5,WindsorGreatPark,Starting
WGP16,WGP16,0,0.3,3,WindsorGreatPark,Starting
WGP17,WGP17,0,0.1,1,WindsorGreatPark,Starting
WGP18,WGP18,0,0.3,3,WindsorGreatPark,Starting
WGP19,WGP19,0,0.1,1,WindsorGreatPark,Starting
WGP20,WGP20,0,0.5,5,WindsorGreatPark,Starting
WiW01,WiW01,0,0.5,5,GreenbroomCovert,Starting
WiW01.1,WiW01,1,1.1,1,GreenbroomCovert,Final
WiW01.2,WiW01,2,2.1,1,GreenbroomCovert,Final
WiW01.3,WiW01,3,3.1,1,GreenbroomCovert,Final
WiW01.4,WiW01,4,4.1,1,GreenbroomCovert,Final
WiW02,WiW02,0,0.1,1,GreenbroomCovert,Starting
WiW02.1,WiW02,1,1.1,1,GreenbroomCovert,Final
WiW02.2,WiW02,2,2.1,1,GreenbroomCovert,Final
WiW02.3,WiW02,3,3.1,1,GreenbroomCovert,Final
WiW02.4,WiW02,4,4.1,1,GreenbroomCovert,Final
WiW03,WiW03,0,0.3,3,GreenbroomCovert,Starting
WiW03.1,WiW03,1,1.1,1,GreenbroomCovert,Final
WiW03.2,WiW03,2,2.1,1,GreenbroomCovert,Final
WiW03.3,WiW03,3,3.1,1,GreenbroomCovert,Final
WiW03.4,WiW03,4,4.1,1,GreenbroomCovert,Final
WiW04,WiW04,0,0.1,1,GreenbroomCovert,Starting
WiW04.1,WiW04,1,1.1,1,GreenbroomCovert,Final
WiW04.2,WiW04,2,2.1,1,GreenbroomCovert,Final
WiW04.3,WiW04,3,3.1,1,GreenbroomCovert,Final
WiW04.4,WiW04,4,4.1,1,GreenbroomCovert,Final
WiW05,WiW05,0,0.3,3,GreenbroomCovert,Starting
WiW05.1,WiW05,1,1.1,1,GreenbroomCovert,Final
WiW05.2,WiW05,2,2.1,1,GreenbroomCovert,Final
WiW05.3,WiW05,3,3.1,1,GreenbroomCovert,Final
WiW05.4,WiW05,4,4.1,1,GreenbroomCovert,Final
WiW06,WiW06,0,0.3,3,GreenbroomCovert,Starting
WiW06.1,WiW06,1,1.1,1,GreenbroomCovert,Final
WiW06.2,WiW06,2,2.1,1,GreenbroomCovert,Final
WiW06.3,WiW06,3,3.1,1,GreenbroomCovert,Final
WiW06.4,WiW06,4,4.1,1,GreenbroomCovert,Final
WiW07,WiW07,0,0.3,3,GreenbroomCovert,Starting
WiW07.1,WiW07,1,1.1,1,GreenbroomCovert,Final
WiW07.2,WiW07,2,2.1,1,GreenbroomCovert,Final
WiW07.3,WiW07,3,3.1,1,GreenbroomCovert,Final
WiW07.4,WiW07,4,4.1,1,GreenbroomCovert,Final
WiW08,WiW08,0,0.3,3,GreenbroomCovert,Starting
WiW08.1,WiW08,1,1.1,1,GreenbroomCovert,Final
WiW08.2,WiW08,2,2.1,1,GreenbroomCovert,Final
WiW08.3,WiW08,3,3.1,1,GreenbroomCovert,Final
WiW08.4,WiW08,4,4.1,1,GreenbroomCovert,Final
WiW09,WiW09,0,0.1,1,GreenbroomCovert,Starting
WiW09.1,WiW09,1,1.1,1,GreenbroomCovert,Final
WiW09.2,WiW09,2,2.1,1,GreenbroomCovert,Final
WiW09.3,WiW09,3,3.1,1,GreenbroomCovert,Final
WiW09.4,WiW09,4,4.1,1,GreenbroomCovert,Final
WiW10,WiW10,0,0.5,5,GreenbroomCovert,Starting
WiW10.1,WiW10,1,1.1,1,GreenbroomCovert,Final
WiW10.2,WiW10,2,2.1,1,GreenbroomCovert,Final
WiW10.3,WiW10,3,3.1,1,GreenbroomCovert,Final
WiW10.4,WiW10,4,4.1,1,GreenbroomCovert,Final
WiW11,WiW11,0,0.1,1,GreenbroomCovert,Starting
WiW11.1,WiW11,1,1.1,1,GreenbroomCovert,Final
WiW11.2,WiW11,2,2.1,1,GreenbroomCovert,Final
WiW11.3,WiW11,3,3.2,2,GreenbroomCovert,Final
WiW11.4,WiW11,4,4.1,1,GreenbroomCovert,Final
WiW12,WiW12,0,0.5,5,GreenbroomCovert,Starting
WiW12.1,WiW12,1,1.1,1,GreenbroomCovert,Final
WiW12.2,WiW12,2,2.1,1,GreenbroomCovert,Final
WiW12.3,WiW12,3,3.2,2,GreenbroomCovert,Final
WiW12.4,WiW12,4,4.1,1,GreenbroomCovert,Final
WiW13,WiW13,0,0.3,3,GreenbroomCovert,Starting
WiW13.1,WiW13,1,1.1,1,GreenbroomCovert,Final
WiW13.2,WiW13,2,2.1,1,GreenbroomCovert,Final
WiW13.3,WiW13,3,3.2,2,GreenbroomCovert,Final
WiW13.4,WiW13,4,4.1,1,GreenbroomCovert,Final
WiW14,WiW14,0,0.3,3,GreenbroomCovert,Starting
WiW14.1,WiW14,1,1.1,1,GreenbroomCovert,Final
WiW14.2,WiW14,2,2.1,1,GreenbroomCovert,Final
WiW14.3,WiW14,3,3.2,2,GreenbroomCovert,Final
WiW14.4,WiW14,4,4.2,2,GreenbroomCovert,Final
WiW15,WiW15,0,0.5,5,GreenbroomCovert,Starting
WiW15.1,WiW15,1,1.1,1,GreenbroomCovert,Final
WiW15.2,WiW15,2,2.1,1,GreenbroomCovert,Final
WiW15.3,WiW15,3,3.2,2,GreenbroomCovert,Final
WiW15.4,WiW15,4,4.1,1,GreenbroomCovert,Final
WiW16,WiW16,0,0.3,3,GreenbroomCovert,Starting
WiW16.1,WiW16,1,1.1,1,GreenbroomCovert,Final
WiW16.2,WiW16,2,2.1,1,GreenbroomCovert,Final
WiW16.3,WiW16,3,3.2,2,GreenbroomCovert,Final
WiW16.4,WiW16,4,4.1,1,GreenbroomCovert,Final
WiW17,WiW17,0,0.3,3,GreenbroomCovert,Starting
WiW17.1,WiW17,1,1.1,1,GreenbroomCovert,Final
WiW17.2,WiW17,2,2.1,1,GreenbroomCovert,Final
WiW17.3,WiW17,3,3.2,2,GreenbroomCovert,Final
WiW17.4,WiW17,4,4.1,1,GreenbroomCovert,Final
WiW18,WiW18,0,0.4,4,GreenbroomCovert,Starting
WiW18.1,WiW18,1,1.1,1,GreenbroomCovert,Final
WiW18.2,WiW18,2,2.1,1,GreenbroomCovert,Final
WiW18.3,WiW18,3,3.2,2,GreenbroomCovert,Final
WiW18.4,WiW18,4,4.1,1,GreenbroomCovert,Final
WiW19,WiW19,0,0.3,3,GreenbroomCovert,Starting
WiW19.1,WiW19,1,1.1,1,GreenbroomCovert,Final
WiW19.2,WiW19,2,2.1,1,GreenbroomCovert,Final
WiW19.3,WiW19,3,3.2,2,GreenbroomCovert,Final
WiW19.4,WiW19,4,4.2,2,GreenbroomCovert,Final
WiW20,WiW20,0,0.4,4,GreenbroomCovert,Starting
WiW20.1,WiW20,1,1.1,1,GreenbroomCovert,Final
WiW20.2,WiW20,2,2.1,1,GreenbroomCovert,Final
WiW20.3,WiW20,3,3.2,2,GreenbroomCovert,Final
WiW20.4,WiW20,4,4.1,1,GreenbroomCovert,Final
WiW21,WiW21,0,0.3,3,GreenbroomCovert,Starting
WiW21.1,WiW21,1,1.1,1,GreenbroomCovert,Final
WiW21.2,WiW21,2,2.1,1,GreenbroomCovert,Final
WiW21.3,WiW21,3,3.2,2,GreenbroomCovert,Final
WiW21.4,WiW21,4,4.1,1,GreenbroomCovert,Final
WiW22,WiW22,0,0.1,1,GreenbroomCovert,Starting
WiW22.1,WiW22,1,1.1,1,GreenbroomCovert,Final
WiW22.2,WiW22,2,2.1,1,GreenbroomCovert,Final
WiW22.3,WiW22,3,3.2,2,GreenbroomCovert,Final
WiW22.4,WiW22,4,4.1,1,GreenbroomCovert,Final
WiW23,WiW23,0,0.3,3,GreenbroomCovert,Starting
WiW23.1,WiW23,1,1.1,1,GreenbroomCovert,Final
WiW23.2,WiW23,2,2.1,1,GreenbroomCovert,Final
WiW23.3,WiW23,3,3.1,1,GreenbroomCovert,Final
WiW23.4,WiW23,4,4.1,1,GreenbroomCovert,Final
WiW24,WiW24,0,0.3,3,GreenbroomCovert,Starting
WiW24.1,WiW24,1,1.1,1,GreenbroomCovert,Final
WiW24.2,WiW24,2,2.1,1,GreenbroomCovert,Final
WiW24.3,WiW24,3,3.2,2,GreenbroomCovert,Final
WiW24.4,WiW24,4,4.1,1,GreenbroomCovert,Final
WiW25,WiW25,0,0.3,3,GreenbroomCovert,Starting
WiW25.1,WiW25,1,1.1,1,GreenbroomCovert,Final
WiW25.2,WiW25,2,2.1,1,GreenbroomCovert,Final
WiW25.3,WiW25,3,3.2,2,GreenbroomCovert,Final
WiW25.4,WiW25,4,4.1,1,GreenbroomCovert,Final
WiW26,WiW26,0,0.3,3,GreenbroomCovert,Starting
WiW26.1,WiW26,1,1.1,1,GreenbroomCovert,Final
WiW26.2,WiW26,2,2.1,1,GreenbroomCovert,Final
WiW26.3,WiW26,3,3.2,2,GreenbroomCovert,Final
WiW26.4,WiW26,4,4.1,1,GreenbroomCovert,Final
WiW27,WiW27,0,0.3,3,GreenbroomCovert,Starting
WiW27.1,WiW27,1,1.1,1,GreenbroomCovert,Final
WiW27.2,WiW27,2,2.1,1,GreenbroomCovert,Final
WiW27.3,WiW27,3,3.2,2,GreenbroomCovert,Final
WiW27.4,WiW27,4,4.1,1,GreenbroomCovert,Final
WiW28,WiW28,0,0.3,3,GreenbroomCovert,Starting
WiW28.1,WiW28,1,1.1,1,GreenbroomCovert,Final
WiW28.2,WiW28,2,2.1,1,GreenbroomCovert,Final
WiW28.3,WiW28,3,3.1,1,GreenbroomCovert,Final
WiW28.4,WiW28,4,4.1,1,GreenbroomCovert,Final
WiW29,WiW29,0,0.3,3,GreenbroomCovert,Starting
WiW29.1,WiW29,1,1.1,1,GreenbroomCovert,Final
WiW29.2,WiW29,2,2.1,1,GreenbroomCovert,Final
WiW29.3,WiW29,3,3.2,2,GreenbroomCovert,Final
WiW29.4,WiW29,4,4.1,1,GreenbroomCovert,Final
WiW30,WiW30,0,0.3,3,GreenbroomCovert,Starting
WiW30.1,WiW30,1,1.1,1,GreenbroomCovert,Final
WiW30.2,WiW30,2,2.1,1,GreenbroomCovert,Final
WiW30.3,WiW30,3,3.1,1,GreenbroomCovert,Final
WiW30.4,WiW30,4,4.1,1,GreenbroomCovert,Final
WiW31,WiW31,0,0.3,3,GreenbroomCovert,Starting
WiW31.1,WiW31,1,1.1,1,GreenbroomCovert,Final
WiW31.2,WiW31,2,2.1,1,GreenbroomCovert,Final
WiW31.3,WiW31,3,3.1,1,GreenbroomCovert,Final
WiW31.4,WiW31,4,4.1,1,GreenbroomCovert,Final
WiW32,WiW32,0,0.3,3,GreenbroomCovert,Starting
WiW32.1,WiW32,1,1.1,1,GreenbroomCovert,Final
WiW32.2,WiW32,2,2.1,1,GreenbroomCovert,Final
WiW32.3,WiW32,3,3.1,1,GreenbroomCovert,Final
WiW32.4,WiW32,4,4.1,1,GreenbroomCovert,Final
WiW33,WiW33,0,0.3,3,GreenbroomCovert,Starting
WiW33.1,WiW33,1,1.1,1,GreenbroomCovert,Final
WiW33.2,WiW33,2,2.1,1,GreenbroomCovert,Final
WiW33.3,WiW33,3,3.1,1,GreenbroomCovert,Final
WiW33.4,WiW33,4,4.1,1,GreenbroomCovert,Final
WiW34,WiW34,0,0.4,4,GreenbroomCovert,Starting
WiW34.1,WiW34,1,1.1,1,GreenbroomCovert,Final
WiW34.2,WiW34,2,2.1,1,GreenbroomCovert,Final
WiW34.3,WiW34,3,3.1,1,GreenbroomCovert,Final
WiW34.4,WiW34,4,4.1,1,GreenbroomCovert,Final
WiW35,WiW35,0,0.5,5,GreenbroomCovert,Starting
WiW35.1,WiW35,1,1.1,1,GreenbroomCovert,Final
WiW35.2,WiW35,2,2.1,1,GreenbroomCovert,Final
WiW35.3,WiW35,3,3.1,1,GreenbroomCovert,Final
WiW35.4,WiW35,4,4.1,1,GreenbroomCovert,Final
WiW36,WiW36,0,0.5,5,GreenbroomCovert,Starting
WiW36.1,WiW36,1,1.1,1,GreenbroomCovert,Final
WiW36.2,WiW36,2,2.1,1,GreenbroomCovert,Final
WiW36.3,WiW36,3,3.1,1,GreenbroomCovert,Final
WiW36.4,WiW36,4,4.1,1,GreenbroomCovert,Final
WiW37,WiW37,0,0.5,5,GreenbroomCovert,Starting
WiW37.1,WiW37,1,1.1,1,GreenbroomCovert,Final
WiW37.2,WiW37,2,2.1,1,GreenbroomCovert,Final
WiW37.3,WiW37,3,3.1,1,GreenbroomCovert,Final
WiW37.4,WiW37,4,4.1,1,GreenbroomCovert,Final
WiW38,WiW38,0,0.5,5,GreenbroomCovert,Starting
WiW38.1,WiW38,1,1.1,1,GreenbroomCovert,Final
WiW38.2,WiW38,2,2.1,1,GreenbroomCovert,Final
WiW38.3,WiW38,3,3.1,1,GreenbroomCovert,Final
WiW38.4,WiW38,4,4.1,1,GreenbroomCovert,Final
WiW39,WiW39,0,0.5,5,GreenbroomCovert,Starting
WiW39.1,WiW39,1,1.1,1,GreenbroomCovert,Final
WiW39.2,WiW39,2,2.1,1,GreenbroomCovert,Final
WiW39.3,WiW39,3,3.1,1,GreenbroomCovert,Final
WiW39.4,WiW39,4,4.1,1,GreenbroomCovert,Final
WiW40,WiW40,0,0.5,5,GreenbroomCovert,Starting
WiW40.1,WiW40,1,1.1,1,GreenbroomCovert,Final
WiW40.2,WiW40,2,2.2,2,GreenbroomCovert,Final
WiW40.3,WiW40,3,3.1,1,GreenbroomCovert,Final
WiW40.4,WiW40,4,4.1,1,GreenbroomCovert,Final
WiW41,WiW41,0,0.3,3,GreenbroomCovert,Starting
WiW41.1,WiW41,1,1.1,1,GreenbroomCovert,Final
WiW41.2,WiW41,2,2.1,1,GreenbroomCovert,Final
WiW41.3,WiW41,3,3.1,1,GreenbroomCovert,Final
WiW41.4,WiW41,4,4.1,1,GreenbroomCovert,Final
WiW42,WiW42,0,0.3,3,GreenbroomCovert,Starting
WiW42.1,WiW42,1,1.1,1,GreenbroomCovert,Final
WiW42.2,WiW42,2,2.2,2,GreenbroomCovert,Final
WiW42.3,WiW42,3,3.1,1,GreenbroomCovert,Final
WiW42.4,WiW42,4,4.1,1,GreenbroomCovert,Final
WiW43,WiW43,0,0.3,3,GreenbroomCovert,Starting
WiW43.1,WiW43,1,1.1,1,GreenbroomCovert,Final
WiW43.2,WiW43,2,2.2,2,GreenbroomCovert,Final
WiW43.3,WiW43,3,3.1,1,GreenbroomCovert,Final
WiW43.4,WiW43,4,4.1,1,GreenbroomCovert,Final
WiW44,WiW44,0,0.3,3,GreenbroomCovert,Starting
WiW44.1,WiW44,1,1.1,1,GreenbroomCovert,Final
WiW44.2,WiW44,2,2.2,2,GreenbroomCovert,Final
WiW44.3,WiW44,3,3.1,1,GreenbroomCovert,Final
WiW44.4,WiW44,4,4.1,1,GreenbroomCovert,Final
WiW45,WiW45,0,0.3,3,GreenbroomCovert,Starting
WiW45.1,WiW45,1,1.1,1,GreenbroomCovert,Final
WiW45.2,WiW45,2,2.2,2,GreenbroomCovert,Final
WiW45.3,WiW45,3,3.1,1,GreenbroomCovert,Final
WiW45.4,WiW45,4,4.1,1,GreenbroomCovert,Final
WiW46,WiW46,0,0.3,3,GreenbroomCovert,Starting
WiW46.1,WiW46,1,1.1,1,GreenbroomCovert,Final
WiW46.2,WiW46,2,2.1,1,GreenbroomCovert,Final
WiW46.3,WiW46,3,3.1,1,GreenbroomCovert,Final
WiW46.4,WiW46,4,4.1,1,GreenbroomCovert,Final
WiW47,WiW47,0,0.1,1,GreenbroomCovert,Starting
WiW47.1,WiW47,1,1.1,1,GreenbroomCovert,Final
WiW47.2,WiW47,2,2.1,1,GreenbroomCovert,Final
WiW47.3,WiW47,3,3.1,1,GreenbroomCovert,Final
WiW47.4,WiW47,4,4.1,1,GreenbroomCovert,Final
WiW48,WiW48,0,0.3,3,GreenbroomCovert,Starting
WiW48.1,WiW48,1,1.1,1,GreenbroomCovert,Final
WiW48.2,WiW48,2,2.1,1,GreenbroomCovert,Final
WiW48.3,WiW48,3,3.1,1,GreenbroomCovert,Final
WiW48.4,WiW48,4,4.1,1,GreenbroomCovert,Final
WiW49,WiW49,0,0.3,3,GreenbroomCovert,Starting
WiW49.1,WiW49,1,1.1,1,GreenbroomCovert,Final
WiW49.2,WiW49,2,2.1,1,GreenbroomCovert,Final
WiW49.3,WiW49,3,3.1,1,GreenbroomCovert,Final
WiW49.4,WiW49,4,4.2,2,GreenbroomCovert,Final
WiW50,WiW50,0,0.3,3,GreenbroomCovert,Starting
WiW50.1,WiW50,1,1.1,1,GreenbroomCovert,Final
WiW50.2,WiW50,2,2.1,1,GreenbroomCovert,Final
WiW50.3,WiW50,3,3.1,1,GreenbroomCovert,Final
WiW50.4,WiW50,4,4.1,1,GreenbroomCovert,Final
WiW51,WiW51,0,0.4,4,GreenbroomCovert,Starting
WiW51.1,WiW51,1,1.1,1,GreenbroomCovert,Final
WiW51.2,WiW51,2,2.1,1,GreenbroomCovert,Final
WiW51.3,WiW51,3,3.1,1,GreenbroomCovert,Final
WiW51.4,WiW51,4,4.1,1,GreenbroomCovert,Final
WiW52,WiW52,0,0.3,3,GreenbroomCovert,Starting
WiW52.1,WiW52,1,1.1,1,GreenbroomCovert,Final
WiW52.2,WiW52,2,2.1,1,GreenbroomCovert,Final
WiW52.3,WiW52,3,3.1,1,GreenbroomCovert,Final
WiW52.4,WiW52,4,4.1,1,GreenbroomCovert,Final
WiW53,WiW53,0,0.3,3,GreenbroomCovert,Starting
WiW53.1,WiW53,1,1.1,1,GreenbroomCovert,Final
WiW53.2,WiW53,2,2.1,1,GreenbroomCovert,Final
WiW53.3,WiW53,3,3.1,1,GreenbroomCovert,Final
WiW53.4,WiW53,4,4.1,1,GreenbroomCovert,Final
WiW54,WiW54,0,0.3,3,GreenbroomCovert,Starting
WiW54.1,WiW54,1,1.1,1,GreenbroomCovert,Final
WiW54.2,WiW54,2,2.1,1,GreenbroomCovert,Final
WiW54.3,WiW54,3,3.1,1,GreenbroomCovert,Final
WiW54.4,WiW54,4,4.1,1,GreenbroomCovert,Final
WiW55,WiW55,0,0.3,3,GreenbroomCovert,Starting
WiW55.1,WiW55,1,1.1,1,GreenbroomCovert,Final
WiW55.2,WiW55,2,2.1,1,GreenbroomCovert,Final
WiW55.3,WiW55,3,3.1,1,GreenbroomCovert,Final
WiW55.4,WiW55,4,4.1,1,GreenbroomCovert,Final
WiW56,WiW56,0,0.1,1,GreenbroomCovert,Starting
WiW56.1,WiW56,1,1.1,1,GreenbroomCovert,Final
WiW56.2,WiW56,2,2.1,1,GreenbroomCovert,Final
WiW56.3,WiW56,3,3.1,1,GreenbroomCovert,Final
WiW56.4,WiW56,4,4.1,1,GreenbroomCovert,Final
WiW57,WiW57,0,0.3,3,WindsorGreatPark,Starting
WiW57.1,WiW57,1,1.1,1,WindsorGreatPark,Final
WiW57.2,WiW57,2,2.1,1,WindsorGreatPark,Final
WiW57.3,WiW57,3,3.1,1,WindsorGreatPark,Final
WiW57.4,WiW57,4,4.1,1,WindsorGreatPark,Final
WP01,WP01,0,0.3,3,WaterersPark,Starting
WP01.1,WP01,1,1.1,1,WaterersPark,Final
WP01.2,WP01,2,2.1,1,WaterersPark,Final
WP01.3,WP01,3,3.1,1,WaterersPark,Final
WP01.4,WP01,4,4.1,1,WaterersPark,Final
WP02,WP02,0,0.5,5,WaterersPark,Starting
WP02.1,WP02,1,1.1,1,WaterersPark,Final
WP02.2,WP02,2,2.1,1,WaterersPark,Final
WP02.3,WP02,3,3.1,1,WaterersPark,Final
WP02.4,WP02,4,4.1,1,WaterersPark,Final
WP03,WP03,0,0.5,5,WaterersPark,Starting
WP03.1,WP03,1,1.1,1,WaterersPark,Final
WP03.2,WP03,2,2.1,1,WaterersPark,Final
WP03.3,WP03,3,3.1,1,WaterersPark,Final
WP03.4,WP03,4,4.1,1,WaterersPark,Final
WP04,WP04,0,0.5,5,WaterersPark,Starting
WP04.1,WP04,1,1.1,1,WaterersPark,Final
WP04.2,WP04,2,2.1,1,WaterersPark,Final
WP04.3,WP04,3,3.1,1,WaterersPark,Final
WP04.4,WP04,4,4.1,1,WaterersPark,Final
WP05,WP05,0,0.1,1,WaterersPark,Starting
WP05.1,WP05,1,1.2,2,WaterersPark,Final
WP05.2,WP05,2,2.1,1,WaterersPark,Final
WP05.3,WP05,3,3.1,1,WaterersPark,Final
WP05.4,WP05,4,4.1,1,WaterersPark,Final
WP06,WP06,0,0.3,3,WaterersPark,Starting
WP06.1,WP06,1,1.1,1,WaterersPark,Final
WP06.2,WP06,2,2.1,1,WaterersPark,Final
WP06.3,WP06,3,3.1,1,WaterersPark,Final
WP06.4,WP06,4,4.1,1,WaterersPark,Final
WP07,WP07,0,0.5,5,WaterersPark,Starting
WP07.1,WP07,1,1.1,1,WaterersPark,Final
WP07.2,WP07,2,2.1,1,WaterersPark,Final
WP07.3,WP07,3,3.1,1,WaterersPark,Final
WP07.4,WP07,4,4.1,1,WaterersPark,Final
WP08,WP08,0,0.4,4,WaterersPark,Starting
WP08.1,WP08,1,1.1,1,WaterersPark,Final
WP08.2,WP08,2,2.1,1,WaterersPark,Final
WP08.3,WP08,3,3.1,1,WaterersPark,Final
WP08.4,WP08,4,4.2,2,WaterersPark,Final
WP09,WP09,0,0.4,4,WaterersPark,Starting
WP09.1,WP09,1,1.2,2,WaterersPark,Final
WP09.2,WP09,2,2.2,2,WaterersPark,Final
WP09.3,WP09,3,3.1,1,WaterersPark,Final
WP09.4,WP09,4,4.2,2,WaterersPark,Final
WP10,WP10,0,0.1,1,WaterersPark,Starting
WP10.1,WP10,1,1.2,2,WaterersPark,Final
WP10.2,WP10,2,2.2,2,WaterersPark,Final
WP10.3,WP10,3,3.1,1,WaterersPark,Final
WP10.4,WP10,4,4.1,1,WaterersPark,Final
WP11,WP11,0,0.5,5,WaterersPark,Starting
WP11.1,WP11,1,1.2,2,WaterersPark,Final
WP11.2,WP11,2,2.2,2,WaterersPark,Final
WP11.3,WP11,3,3.1,1,WaterersPark,Final
WP11.4,WP11,4,4.2,2,WaterersPark,Final
WP12,WP12,0,0.4,4,WaterersPark,Starting
WP12.1,WP12,1,1.2,2,WaterersPark,Final
WP12.2,WP12,2,2.2,2,WaterersPark,Final
WP12.3,WP12,3,3.1,1,WaterersPark,Final
WP12.4,WP12,4,4.2,2,WaterersPark,Final
WP13,WP13,0,0.2,2,WaterersPark,Starting
WP13.1,WP13,1,1.2,2,WaterersPark,Final
WP13.2,WP13,2,2.2,2,WaterersPark,Final
WP13.3,WP13,3,3.1,1,WaterersPark,Final
WP13.4,WP13,4,4.1,1,WaterersPark,Final
WP14,WP14,0,0.4,4,WaterersPark,Starting
WP14.1,WP14,1,1.1,1,WaterersPark,Final
WP14.2,WP14,2,2.1,1,WaterersPark,Final
WP14.3,WP14,3,3.1,1,WaterersPark,Final
WP14.4,WP14,4,4.1,1,WaterersPark,Final
WP15,WP15,0,0.4,4,WaterersPark,Starting
WP15.1,WP15,1,1.1,1,WaterersPark,Final
WP15.2,WP15,2,2.1,1,WaterersPark,Final
WP15.3,WP15,3,3.1,1,WaterersPark,Final
WP15.4,WP15,4,4.1,1,WaterersPark,Final
WP16,WP16,0,0.4,4,WaterersPark,Starting
WP16.1,WP16,1,1.1,1,WaterersPark,Final
WP16.2,WP16,2,2.2,2,WaterersPark,Final
WP16.3,WP16,3,3.1,1,WaterersPark,Final
WP16.4,WP16,4,4.2,2,WaterersPark,Final
WYC01,WYC01,0,0.5,5,WythamWoods,Starting
WYC02,WYC02,0,0.5,5,WythamWoods,Starting
WYC03,WYC03,0,0.3,3,WythamWoods,Starting
WYC04,WYC04,0,0.3,3,WythamWoods,Starting
WYC05,WYC05,0,0.5,5,WythamWoods,Starting
WYC06,WYC06,0,0.3,3,WythamWoods,Starting
WYC07,WYC07,0,0.5,5,WythamWoods,Starting
WYC08,WYC08,0,0.4,4,WythamWoods,Starting
WYC09,WYC09,0,0.5,5,WythamWoods,Starting
WYC10,WYC10,0,0.5,5,WythamWoods,Starting
WYC11,WYC11,0,0.3,3,WythamWoods,Starting
WYC12,WYC12,0,0.3,3,WythamWoods,Starting
WYC13,WYC13,0,0.5,5,WythamWoods,Starting
WYC16,WYC16,0,0.3,3,WythamWoods,Starting
WYC17,WYC17,0,0.2,2,WythamWoods,Starting
WYC18,WYC18,0,0.5,5,WythamWoods,Starting
WYC19,WYC19,0,0.3,3,WythamWoods,Starting
WYC20,WYC20,0,0.3,3,WythamWoods,Starting
WYC21,WYC21,0,0.5,5,WythamWoods,Starting
WYC22,WYC22,0,0.3,3,WythamWoods,Starting
WYC23,WYC23,0,0.2,2,WythamWoods,Starting
WYC24,WYC24,0,0.3,3,WythamWoods,Starting
WYC25,WYC25,0,0.5,5,WythamWoods,Starting
WYC27,WYC27,0,0.5,5,WythamWoods,Starting
WYC28,WYC28,0,0.4,4,WythamWoods,Starting
WYC29,WYC29,0,0.4,4,WythamWoods,Starting
WYC30,WYC30,0,0.5,5,WythamWoods,Starting
WYC31,WYC31,0,0.2,2,WythamWoods,Starting
WYC32,WYC32,0,0.4,4,WythamWoods,Starting
WYC33,WYC33,0,0.4,4,WythamWoods,Starting
WYC34,WYC34,0,0.4,4,WythamWoods,Starting
WYC35,WYC35,0,0.4,4,WythamWoods,Starting
WYC36,WYC36,0,0.4,4,WythamWoods,Starting
WYC37,WYC37,0,0.4,4,WythamWoods,Starting
WYC38,WYC38,0,0.3,3,WythamWoods,Starting
WYC39,WYC39,0,0.4,4,WythamWoods,Starting
WYC40,WYC40,0,0.1,1,WythamWoods,Starting
WYC43,WYC43,0,0.4,4,WythamWoods,Starting
WYD01,WYD01,0,0.3,3,WythamWoods,Starting
WYD02,WYD02,0,0.3,3,WythamWoods,Starting
WYD03,WYD03,0,0.3,3,WythamWoods,Starting
WYD04,WYD04,0,0.3,3,WythamWoods,Starting
WYD05,WYD05,0,0.3,3,WythamWoods,Starting
WYD07,WYD07,0,0.3,3,WythamWoods,Starting
WYD08,WYD08,0,0.1,1,WythamWoods,Starting
WYD10,WYD10,0,0.3,3,WythamWoods,Starting
WYD11,WYD11,0,0.3,3,WythamWoods,Starting
WYD12,WYD12,0,0.3,3,WythamWoods,Starting
WYM01,WYM01,0,0.5,5,WythamWoods,Starting
WYM03,WYM03,0,0.5,5,WythamWoods,Starting
WYM04,WYM04,0,0.1,1,WythamWoods,Starting
WYM05,WYM05,0,0.3,3,WythamWoods,Starting
WYM06,WYM06,0,0.3,3,WythamWoods,Starting
WYM07,WYM07,0,0.3,3,WythamWoods,Starting
WYM08,WYM08,0,0.5,5,WythamWoods,Starting
WYM09,WYM09,0,0.5,5,WythamWoods,Starting
WYM10,WYM10,0,0.1,1,WythamWoods,Starting
WYM11,WYM11,0,0.3,3,WythamWoods,Starting
WYM12,WYM12,0,0.3,3,WythamWoods,Starting
WYM13,WYM13,0,0.3,3,WythamWoods,Starting
WYM14,WYM14,0,0.1,1,WythamWoods,Starting
WYM15,WYM15,0,0.3,3,WythamWoods,Starting
WYM16,WYM16,0,0.3,3,WythamWoods,Starting
WYM17,WYM17,0,0.5,5,WythamWoods,Starting
WYM18,WYM18,0,0.1,1,WythamWoods,Starting
WYM19,WYM19,0,0.3,3,WythamWoods,Starting
WYM20,WYM20,0,0.3,3,WythamWoods,Starting
WYM23,WYM23,0,0.1,1,WythamWoods,Starting
WYM24,WYM24,0,0.3,3,WythamWoods,Starting
WYM26,WYM26,0,0.1,1,WythamWoods,Starting
WYM28,WYM28,0,0.5,5,WythamWoods,Starting
WYM30,WYM30,0,0.3,3,WythamWoods,Starting
WYM31,WYM31,0,0.5,5,WythamWoods,Starting
WYM32,WYM32,0,0.3,3,WythamWoods,Starting
WYM34,WYM34,0,0.3,3,WythamWoods,Starting
WYM35,WYM35,0,0.1,1,WythamWoods,Starting
WYM36,WYM36,0,0.3,3,WythamWoods,Starting
WYM37,WYM37,0,0.3,3,WythamWoods,Starting
WYM38,WYM38,0,0.1,1,WythamWoods,Starting
WYM40,WYM40,0,0.3,3,WythamWoods,Starting
WYM41,WYM41,0,0.3,3,WythamWoods,Starting
WYM42,WYM42,0,0.3,3,WythamWoods,Starting
WYM43,WYM43,0,0.3,3,WythamWoods,Starting
WYM44,WYM44,0,0.4,4,WythamWoods,Starting
WYT01,WYT01,0,0.5,5,WythamWoods,Starting
WYT01.1,WYT01,1,1.1,1,WythamWoods,Final
WYT01.2,WYT01,2,2.1,1,WythamWoods,Final
WYT01.3,WYT01,3,3.1,1,WythamWoods,Final
WYT01.4,WYT01,4,4.1,1,WythamWoods,Final
WYT02,WYT02,0,0.3,3,WythamWoods,Starting
WYT02.1,WYT02,1,1.1,1,WythamWoods,Final
WYT02.2,WYT02,2,2.1,1,WythamWoods,Final
WYT02.3,WYT02,3,3.1,1,WythamWoods,Final
WYT02.4,WYT02,4,4.1,1,WythamWoods,Final
WYT03,WYT03,0,0.4,4,WythamWoods,Starting
WYT03.1,WYT03,1,1.1,1,WythamWoods,Final
WYT03.2,WYT03,2,2.1,1,WythamWoods,Final
WYT03.3,WYT03,3,3.1,1,WythamWoods,Final
WYT03.4,WYT03,4,4.1,1,WythamWoods,Final
WYT04,WYT04,0,0.5,5,WythamWoods,Starting
WYT04.1,WYT04,1,1.1,1,WythamWoods,Final
WYT04.2,WYT04,2,2.1,1,WythamWoods,Final
WYT04.3,WYT04,3,3.1,1,WythamWoods,Final
WYT04.4,WYT04,4,4.1,1,WythamWoods,Final
WYT05,WYT05,0,0.3,3,WythamWoods,Starting
WYT05.1,WYT05,1,1.1,1,WythamWoods,Final
WYT05.2,WYT05,2,2.1,1,WythamWoods,Final
WYT05.3,WYT05,3,3.1,1,WythamWoods,Final
WYT05.4,WYT05,4,4.1,1,WythamWoods,Final
WYT06,WYT06,0,0.1,1,WythamWoods,Starting
WYT06.1,WYT06,1,1.1,1,WythamWoods,Final
WYT06.2,WYT06,2,2.1,1,WythamWoods,Final
WYT06.3,WYT06,3,3.1,1,WythamWoods,Final
WYT06.4,WYT06,4,4.1,1,WythamWoods,Final
WYT07,WYT07,0,0.3,3,WythamWoods,Starting
WYT07.1,WYT07,1,1.1,1,WythamWoods,Final
WYT07.2,WYT07,2,2.1,1,WythamWoods,Final
WYT07.3,WYT07,3,3.1,1,WythamWoods,Final
WYT07.4,WYT07,4,4.1,1,WythamWoods,Final
WYT08,WYT08,0,0.3,3,WythamWoods,Starting
WYT08.1,WYT08,1,1.1,1,WythamWoods,Final
WYT08.2,WYT08,2,2.1,1,WythamWoods,Final
WYT08.3,WYT08,3,3.1,1,WythamWoods,Final
WYT08.4,WYT08,4,4.1,1,WythamWoods,Final
WYT09,WYT09,0,0.3,3,WythamWoods,Starting
WYT09.1,WYT09,1,1.1,1,WythamWoods,Final
WYT09.2,WYT09,2,2.1,1,WythamWoods,Final
WYT09.3,WYT09,3,3.1,1,WythamWoods,Final
WYT09.4,WYT09,4,4.1,1,WythamWoods,Final
WYT10,WYT10,0,0.3,3,WythamWoods,Starting
WYT100,WYT100,0,0.3,3,WythamWoods,Starting
WYT101,WYT101,0,0.1,1,WythamWoods,Starting
WYT10.1,WYT10,1,1.1,1,WythamWoods,Final
WYT102,WYT102,0,0.5,5,WythamWoods,Starting
WYT10.2,WYT10,2,2.1,1,WythamWoods,Final
WYT103,WYT103,0,0.3,3,WythamWoods,Starting
WYT10.3,WYT10,3,3.1,1,WythamWoods,Final
WYT104,WYT104,0,0.5,5,WythamWoods,Starting
WYT10.4,WYT10,4,4.1,1,WythamWoods,Final
WYT105,WYT105,0,0.3,3,WythamWoods,Starting
WYT106,WYT106,0,0.5,5,WythamWoods,Starting
WYT107,WYT107,0,0.3,3,WythamWoods,Starting
WYT108,WYT108,0,0.4,4,WythamWoods,Starting
WYT109,WYT109,0,0.4,4,WythamWoods,Starting
WYT110,WYT110,0,0.3,3,WythamWoods,Starting
WYT111,WYT111,0,0.3,3,WythamWoods,Starting
WYT112,WYT112,0,0.3,3,WythamWoods,Starting
WYT113,WYT113,0,0.5,5,WythamWoods,Starting
WYT114,WYT114,0,0.3,3,WythamWoods,Starting
WYT115,WYT115,0,0.5,5,WythamWoods,Starting
WYT13,WYT13,0,0.3,3,WythamWoods,Starting
WYT13.1,WYT13,1,1.1,1,WythamWoods,Final
WYT13.2,WYT13,2,2.1,1,WythamWoods,Final
WYT13.3,WYT13,3,3.1,1,WythamWoods,Final
WYT13.4,WYT13,4,4.1,1,WythamWoods,Final
WYT14,WYT14,0,0.3,3,WythamWoods,Starting
WYT14.1,WYT14,1,1.1,1,WythamWoods,Final
WYT14.2,WYT14,2,2.1,1,WythamWoods,Final
WYT14.3,WYT14,3,3.1,1,WythamWoods,Final
WYT14.4,WYT14,4,4.1,1,WythamWoods,Final
WYT15,WYT15,0,0.3,3,WythamWoods,Starting
WYT15.1,WYT15,1,1.1,1,WythamWoods,Final
WYT15.2,WYT15,2,2.1,1,WythamWoods,Final
WYT15.3,WYT15,3,3.1,1,WythamWoods,Final
WYT15.4,WYT15,4,4.1,1,WythamWoods,Final
WYT16,WYT16,0,0.1,1,WythamWoods,Starting
WYT16.1,WYT16,1,1.1,1,WythamWoods,Final
WYT16.2,WYT16,2,2.1,1,WythamWoods,Final
WYT16.3,WYT16,3,3.1,1,WythamWoods,Final
WYT16.4,WYT16,4,4.1,1,WythamWoods,Final
WYT17,WYT17,0,0.3,3,WythamWoods,Starting
WYT17.1,WYT17,1,1.1,1,WythamWoods,Final
WYT17.2,WYT17,2,2.1,1,WythamWoods,Final
WYT17.3,WYT17,3,3.1,1,WythamWoods,Final
WYT17.4,WYT17,4,4.1,1,WythamWoods,Final
WYT19,WYT19,0,0.5,5,WythamWoods,Starting
WYT19.1,WYT19,1,1.1,1,WythamWoods,Final
WYT19.2,WYT19,2,2.1,1,WythamWoods,Final
WYT19.3,WYT19,3,3.1,1,WythamWoods,Final
WYT19.4,WYT19,4,4.1,1,WythamWoods,Final
WYT20,WYT20,0,0.1,1,WythamWoods,Starting
WYT20.1,WYT20,1,1.1,1,WythamWoods,Final
WYT20.2,WYT20,2,2.1,1,WythamWoods,Final
WYT20.3,WYT20,3,3.1,1,WythamWoods,Final
WYT20.4,WYT20,4,4.1,1,WythamWoods,Final
WYT21,WYT21,0,0.3,3,WythamWoods,Starting
WYT21.1,WYT21,1,1.1,1,WythamWoods,Final
WYT21.2,WYT21,2,2.1,1,WythamWoods,Final
WYT21.3,WYT21,3,3.1,1,WythamWoods,Final
WYT21.4,WYT21,4,4.1,1,WythamWoods,Final
WYT22,WYT22,0,0.1,1,WythamWoods,Starting
WYT22.1,WYT22,1,1.1,1,WythamWoods,Final
WYT22.2,WYT22,2,2.1,1,WythamWoods,Final
WYT22.3,WYT22,3,3.1,1,WythamWoods,Final
WYT22.4,WYT22,4,4.1,1,WythamWoods,Final
WYT23,WYT23,0,0.1,1,WythamWoods,Starting
WYT23.1,WYT23,1,1.1,1,WythamWoods,Final
WYT23.2,WYT23,2,2.1,1,WythamWoods,Final
WYT23.3,WYT23,3,3.1,1,WythamWoods,Final
WYT23.4,WYT23,4,4.1,1,WythamWoods,Final
WYT24,WYT24,0,0.3,3,WythamWoods,Starting
WYT24.1,WYT24,1,1.1,1,WythamWoods,Final
WYT24.2,WYT24,2,2.1,1,WythamWoods,Final
WYT24.3,WYT24,3,3.1,1,WythamWoods,Final
WYT24.4,WYT24,4,4.1,1,WythamWoods,Final
WYT25,WYT25,0,0.1,1,WythamWoods,Starting
WYT25.1,WYT25,1,1.1,1,WythamWoods,Final
WYT25.2,WYT25,2,2.1,1,WythamWoods,Final
WYT25.3,WYT25,3,3.1,1,WythamWoods,Final
WYT25.4,WYT25,4,4.1,1,WythamWoods,Final
WYT26,WYT26,0,0.3,3,WythamWoods,Starting
WYT26.1,WYT26,1,1.1,1,WythamWoods,Final
WYT26.2,WYT26,2,2.1,1,WythamWoods,Final
WYT26.3,WYT26,3,3.1,1,WythamWoods,Final
WYT26.4,WYT26,4,4.1,1,WythamWoods,Final
WYT27,WYT27,0,0.3,3,WythamWoods,Starting
WYT27.1,WYT27,1,1.2,2,WythamWoods,Final
WYT27.2,WYT27,2,2.1,1,WythamWoods,Final
WYT27.3,WYT27,3,3.1,1,WythamWoods,Final
WYT27.4,WYT27,4,4.1,1,WythamWoods,Final
WYT28,WYT28,0,0.1,1,WythamWoods,Starting
WYT28.1,WYT28,1,1.2,2,WythamWoods,Final
WYT28.2,WYT28,2,2.1,1,WythamWoods,Final
WYT28.3,WYT28,3,3.1,1,WythamWoods,Final
WYT28.4,WYT28,4,4.1,1,WythamWoods,Final
WYT29,WYT29,0,0.3,3,WythamWoods,Starting
WYT29.1,WYT29,1,1.2,2,WythamWoods,Final
WYT29.2,WYT29,2,2.1,1,WythamWoods,Final
WYT29.3,WYT29,3,3.2,2,WythamWoods,Final
WYT29.4,WYT29,4,4.1,1,WythamWoods,Final
WYT30,WYT30,0,0.5,5,WythamWoods,Starting
WYT30.1,WYT30,1,1.1,1,WythamWoods,Final
WYT30.2,WYT30,2,2.1,1,WythamWoods,Final
WYT30.3,WYT30,3,3.1,1,WythamWoods,Final
WYT30.4,WYT30,4,4.1,1,WythamWoods,Final
WYT31,WYT31,0,0.5,5,WythamWoods,Starting
WYT31.1,WYT31,1,1.1,1,WythamWoods,Final
WYT31.2,WYT31,2,2.1,1,WythamWoods,Final
WYT31.3,WYT31,3,3.1,1,WythamWoods,Final
WYT31.4,WYT31,4,4.1,1,WythamWoods,Final
WYT32,WYT32,0,0.3,3,WythamWoods,Starting
WYT32.1,WYT32,1,1.1,1,WythamWoods,Final
WYT32.2,WYT32,2,2.1,1,WythamWoods,Final
WYT32.3,WYT32,3,3.1,1,WythamWoods,Final
WYT32.4,WYT32,4,4.1,1,WythamWoods,Final
WYT33,WYT33,0,0.1,1,WythamWoods,Starting
WYT33.1,WYT33,1,1.1,1,WythamWoods,Final
WYT33.2,WYT33,2,2.1,1,WythamWoods,Final
WYT33.3,WYT33,3,3.1,1,WythamWoods,Final
WYT33.4,WYT33,4,4.1,1,WythamWoods,Final
WYT34,WYT34,0,0.3,3,WythamWoods,Starting
WYT34.1,WYT34,1,1.1,1,WythamWoods,Final
WYT34.2,WYT34,2,2.1,1,WythamWoods,Final
WYT34.3,WYT34,3,3.1,1,WythamWoods,Final
WYT34.4,WYT34,4,4.1,1,WythamWoods,Final
WYT36,WYT36,0,0.1,1,WythamWoods,Starting
WYT36.1,WYT36,1,1.1,1,WythamWoods,Final
WYT36.2,WYT36,2,2.1,1,WythamWoods,Final
WYT36.3,WYT36,3,3.1,1,WythamWoods,Final
WYT36.4,WYT36,4,4.1,1,WythamWoods,Final
WYT37,WYT37,0,0.5,5,WythamWoods,Starting
WYT37.1,WYT37,1,1.1,1,WythamWoods,Final
WYT37.2,WYT37,2,2.1,1,WythamWoods,Final
WYT37.3,WYT37,3,3.1,1,WythamWoods,Final
WYT37.4,WYT37,4,4.1,1,WythamWoods,Final
WYT38,WYT38,0,0.1,1,WythamWoods,Starting
WYT38.1,WYT38,1,1.1,1,WythamWoods,Final
WYT38.2,WYT38,2,2.1,1,WythamWoods,Final
WYT38.3,WYT38,3,3.1,1,WythamWoods,Final
WYT38.4,WYT38,4,4.1,1,WythamWoods,Final
WYT39,WYT39,0,0.5,5,WythamWoods,Starting
WYT39.1,WYT39,1,1.1,1,WythamWoods,Final
WYT39.2,WYT39,2,2.1,1,WythamWoods,Final
WYT39.3,WYT39,3,3.1,1,WythamWoods,Final
WYT39.4,WYT39,4,4.1,1,WythamWoods,Final
WYT40,WYT40,0,0.3,3,WythamWoods,Starting
WYT40.1,WYT40,1,1.1,1,WythamWoods,Final
WYT40.2,WYT40,2,2.1,1,WythamWoods,Final
WYT40.3,WYT40,3,3.1,1,WythamWoods,Final
WYT40.4,WYT40,4,4.1,1,WythamWoods,Final
WYT41,WYT41,0,0.3,3,WythamWoods,Starting
WYT41.1,WYT41,1,1.1,1,WythamWoods,Final
WYT41.2,WYT41,2,2.1,1,WythamWoods,Final
WYT41.3,WYT41,3,3.1,1,WythamWoods,Final
WYT41.4,WYT41,4,4.1,1,WythamWoods,Final
WYT42,WYT42,0,0.3,3,WythamWoods,Starting
WYT42.1,WYT42,1,1.1,1,WythamWoods,Final
WYT42.2,WYT42,2,2.1,1,WythamWoods,Final
WYT42.3,WYT42,3,3.1,1,WythamWoods,Final
WYT42.4,WYT42,4,4.1,1,WythamWoods,Final
WYT43,WYT43,0,0.3,3,WythamWoods,Starting
WYT43.1,WYT43,1,1.1,1,WythamWoods,Final
WYT43.2,WYT43,2,2.1,1,WythamWoods,Final
WYT43.3,WYT43,3,3.1,1,WythamWoods,Final
WYT43.4,WYT43,4,4.1,1,WythamWoods,Final
WYT44,WYT44,0,0.3,3,WythamWoods,Starting
WYT44.1,WYT44,1,1.1,1,WythamWoods,Final
WYT44.2,WYT44,2,2.1,1,WythamWoods,Final
WYT44.3,WYT44,3,3.1,1,WythamWoods,Final
WYT44.4,WYT44,4,4.1,1,WythamWoods,Final
WYT45,WYT45,0,0.3,3,WythamWoods,Starting
WYT45.1,WYT45,1,1.1,1,WythamWoods,Final
WYT45.2,WYT45,2,2.1,1,WythamWoods,Final
WYT45.3,WYT45,3,3.1,1,WythamWoods,Final
WYT45.4,WYT45,4,4.1,1,WythamWoods,Final
WYT46,WYT46,0,0.3,3,WythamWoods,Starting
WYT46.1,WYT46,1,1.1,1,WythamWoods,Final
WYT46.2,WYT46,2,2.1,1,WythamWoods,Final
WYT46.3,WYT46,3,3.1,1,WythamWoods,Final
WYT46.4,WYT46,4,4.1,1,WythamWoods,Final
WYT47,WYT47,0,0.3,3,WythamWoods,Starting
WYT47.1,WYT47,1,1.1,1,WythamWoods,Final
WYT47.2,WYT47,2,2.1,1,WythamWoods,Final
WYT47.3,WYT47,3,3.1,1,WythamWoods,Final
WYT47.4,WYT47,4,4.1,1,WythamWoods,Final
WYT48,WYT48,0,0.3,3,WythamWoods,Starting
WYT48.1,WYT48,1,1.1,1,WythamWoods,Final
WYT48.2,WYT48,2,2.1,1,WythamWoods,Final
WYT48.3,WYT48,3,3.1,1,WythamWoods,Final
WYT48.4,WYT48,4,4.1,1,WythamWoods,Final
WYT49,WYT49,0,0.3,3,WythamWoods,Starting
WYT49.1,WYT49,1,1.1,1,WythamWoods,Final
WYT49.2,WYT49,2,2.1,1,WythamWoods,Final
WYT49.3,WYT49,3,3.1,1,WythamWoods,Final
WYT49.4,WYT49,4,4.1,1,WythamWoods,Final
WYT50,WYT50,0,0.1,1,WythamWoods,Starting
WYT50.1,WYT50,1,1.1,1,WythamWoods,Final
WYT50.2,WYT50,2,2.1,1,WythamWoods,Final
WYT50.3,WYT50,3,3.1,1,WythamWoods,Final
WYT50.4,WYT50,4,4.1,1,WythamWoods,Final
WYT51,WYT51,0,0.3,3,WythamWoods,Starting
WYT51.1,WYT51,1,1.1,1,WythamWoods,Final
WYT51.2,WYT51,2,2.1,1,WythamWoods,Final
WYT51.3,WYT51,3,3.1,1,WythamWoods,Final
WYT51.4,WYT51,4,4.1,1,WythamWoods,Final
WYT52,WYT52,0,0.3,3,WythamWoods,Starting
WYT52.1,WYT52,1,1.1,1,WythamWoods,Final
WYT52.2,WYT52,2,2.1,1,WythamWoods,Final
WYT52.3,WYT52,3,3.1,1,WythamWoods,Final
WYT52.4,WYT52,4,4.1,1,WythamWoods,Final
WYT53,WYT53,0,0.3,3,WythamWoods,Starting
WYT53.1,WYT53,1,1.1,1,WythamWoods,Final
WYT53.2,WYT53,2,2.1,1,WythamWoods,Final
WYT53.3,WYT53,3,3.1,1,WythamWoods,Final
WYT53.4,WYT53,4,4.1,1,WythamWoods,Final
WYT54,WYT54,0,0.3,3,WythamWoods,Starting
WYT54.1,WYT54,1,1.1,1,WythamWoods,Final
WYT54.2,WYT54,2,2.1,1,WythamWoods,Final
WYT54.3,WYT54,3,3.1,1,WythamWoods,Final
WYT54.4,WYT54,4,4.1,1,WythamWoods,Final
WYT55,WYT55,0,0.3,3,WythamWoods,Starting
WYT55.1,WYT55,1,1.1,1,WythamWoods,Final
WYT55.2,WYT55,2,2.1,1,WythamWoods,Final
WYT55.3,WYT55,3,3.1,1,WythamWoods,Final
WYT55.4,WYT55,4,4.1,1,WythamWoods,Final
WYT56,WYT56,0,0.3,3,WythamWoods,Starting
WYT56.1,WYT56,1,1.1,1,WythamWoods,Final
WYT56.2,WYT56,2,2.1,1,WythamWoods,Final
WYT56.3,WYT56,3,3.1,1,WythamWoods,Final
WYT56.4,WYT56,4,4.1,1,WythamWoods,Final
WYT57,WYT57,0,0.3,3,WythamWoods,Starting
WYT57.1,WYT57,1,1.1,1,WythamWoods,Final
WYT57.2,WYT57,2,2.1,1,WythamWoods,Final
WYT57.3,WYT57,3,3.1,1,WythamWoods,Final
WYT57.4,WYT57,4,4.1,1,WythamWoods,Final
WYT58,WYT58,0,0.3,3,WythamWoods,Starting
WYT58.1,WYT58,1,1.1,1,WythamWoods,Final
WYT58.2,WYT58,2,2.1,1,WythamWoods,Final
WYT58.3,WYT58,3,3.1,1,WythamWoods,Final
WYT58.4,WYT58,4,4.1,1,WythamWoods,Final
WYT59,WYT59,0,0.3,3,WythamWoods,Starting
WYT59.1,WYT59,1,1.1,1,WythamWoods,Final
WYT59.2,WYT59,2,2.1,1,WythamWoods,Final
WYT59.3,WYT59,3,3.1,1,WythamWoods,Final
WYT59.4,WYT59,4,4.1,1,WythamWoods,Final
WYT60,WYT60,0,0.3,3,WythamWoods,Starting
WYT60.1,WYT60,1,1.1,1,WythamWoods,Final
WYT60.2,WYT60,2,2.1,1,WythamWoods,Final
WYT60.3,WYT60,3,3.1,1,WythamWoods,Final
WYT60.4,WYT60,4,4.1,1,WythamWoods,Final
WYT61,WYT61,0,0.3,3,WythamWoods,Starting
WYT61.1,WYT61,1,1.1,1,WythamWoods,Final
WYT61.2,WYT61,2,2.1,1,WythamWoods,Final
WYT61.3,WYT61,3,3.1,1,WythamWoods,Final
WYT61.4,WYT61,4,4.1,1,WythamWoods,Final
WYT62,WYT62,0,0.3,3,WythamWoods,Starting
WYT64,WYT64,0,0.5,5,WythamWoods,Starting
WYT65,WYT65,0,0.1,1,WythamWoods,Starting
WYT66,WYT66,0,0.5,5,WythamWoods,Starting
WYT67,WYT67,0,0.3,3,WythamWoods,Starting
WYT69,WYT69,0,0.5,5,WythamWoods,Starting
WYT71,WYT71,0,0.3,3,WythamWoods,Starting
WYT72,WYT72,0,0.3,3,WythamWoods,Starting
WYT73,WYT73,0,0.3,3,WythamWoods,Starting
WYT74,WYT74,0,0.5,5,WythamWoods,Starting
WYT75,WYT75,0,0.5,5,WythamWoods,Starting
WYT76,WYT76,0,0.3,3,WythamWoods,Starting
WYT77,WYT77,0,0.3,3,WythamWoods,Starting
WYT78,WYT78,0,0.3,3,WythamWoods,Starting
WYT79,WYT79,0,0.1,1,WythamWoods,Starting
WYT80,WYT80,0,0.5,5,WythamWoods,Starting
WYT81,WYT81,0,0.3,3,WythamWoods,Starting
WYT82,WYT82,0,0.3,3,WythamWoods,Starting
WYT83,WYT83,0,0.3,3,WythamWoods,Starting
WYT84,WYT84,0,0.3,3,WythamWoods,Starting
WYT85,WYT85,0,0.5,5,WythamWoods,Starting
WYT86,WYT86,0,0.1,1,WythamWoods,Starting
WYT88,WYT88,0,0.5,5,WythamWoods,Starting
WYT89,WYT89,0,0.5,5,WythamWoods,Starting
WYT90,WYT90,0,0.5,5,WythamWoods,Starting
WYT91,WYT91,0,0.5,5,WythamWoods,Starting
WYT92,WYT92,0,0.1,1,WythamWoods,Starting
WYT93,WYT93,0,0.5,5,WythamWoods,Starting
WYT96,WYT96,0,0.1,1,WythamWoods,Starting
WYT97,WYT97,0,0.3,3,WythamWoods,Starting
WYT99,WYT99,0,0.3,3,WythamWoods,Starting
