sampleid	Name.2	Community	Species	replicate	BreakingBag	parent	Location	Experiment	Time0D_7D_matched
AE05.1	NA	NA	NA	1	NA	AE05	AshridgeEstate	7D_rep1	1
AE05.2	NA	NA	NA	2	NA	AE05	AshridgeEstate	7D_rep2	1
AE05.3	NA	NA	NA	3	NA	AE05	AshridgeEstate	7D_rep3	1
AE05.4	NA	NA	NA	4	NA	AE05	AshridgeEstate	7D_rep4	1
AE101.1	NA	NA	NA	1	NA	AE101	AshridgeEstate	7D_rep1	1
AE101.2	NA	NA	NA	2	NA	AE101	AshridgeEstate	7D_rep2	1
AE101.3	NA	NA	NA	3	NA	AE101	AshridgeEstate	7D_rep3	1
AE101.4	NA	NA	NA	4	NA	AE101	AshridgeEstate	7D_rep4	1
AE103.1	NA	NA	NA	1	NA	AE103	AshridgeEstate	7D_rep1	1
AE103.2	NA	NA	NA	2	NA	AE103	AshridgeEstate	7D_rep2	1
AE103.3	NA	NA	NA	3	NA	AE103	AshridgeEstate	7D_rep3	1
AE103.4	NA	NA	NA	4	NA	AE103	AshridgeEstate	7D_rep4	1
AE126.1	NA	NA	NA	1	NA	AE126	AshridgeEstate	7D_rep1	2
AE126.2	NA	NA	NA	2	NA	AE126	AshridgeEstate	7D_rep2	1
AE126.3	NA	NA	NA	3	NA	AE126	AshridgeEstate	7D_rep3	2
AE126.4	NA	NA	NA	4	NA	AE126	AshridgeEstate	7D_rep4	2
AE155.1	NA	NA	NA	1	NA	AE155	AshridgeEstate	7D_rep1	1
AE155.2	NA	NA	NA	2	NA	AE155	AshridgeEstate	7D_rep2	1
AE155.3	NA	NA	NA	3	NA	AE155	AshridgeEstate	7D_rep3	1
AE155.4	NA	NA	NA	4	NA	AE155	AshridgeEstate	7D_rep4	1
AE172.1	NA	NA	NA	1	NA	AE172	AshridgeEstate	7D_rep1	1
AE172.2	NA	NA	NA	2	NA	AE172	AshridgeEstate	7D_rep2	1
AE172.3	NA	NA	NA	3	NA	AE172	AshridgeEstate	7D_rep3	1
AE172.4	NA	NA	NA	4	NA	AE172	AshridgeEstate	7D_rep4	1
AE22.1	NA	NA	NA	1	NA	AE22	AshridgeEstate	7D_rep1	1
AE22.2	NA	NA	NA	2	NA	AE22	AshridgeEstate	7D_rep2	1
AE22.3	NA	NA	NA	3	NA	AE22	AshridgeEstate	7D_rep3	1
AE22.4	NA	NA	NA	4	NA	AE22	AshridgeEstate	7D_rep4	1
AE23.1	NA	NA	NA	1	NA	AE23	AshridgeEstate	7D_rep1	1
AE23.2	NA	NA	NA	2	NA	AE23	AshridgeEstate	7D_rep2	1
AE23.3	NA	NA	NA	3	NA	AE23	AshridgeEstate	7D_rep3	1
AE23.4	NA	NA	NA	4	NA	AE23	AshridgeEstate	7D_rep4	1
AE26.1	NA	NA	NA	1	NA	AE26	AshridgeEstate	7D_rep1	1
AE26.2	NA	NA	NA	2	NA	AE26	AshridgeEstate	7D_rep2	1
AE26.3	NA	NA	NA	3	NA	AE26	AshridgeEstate	7D_rep3	1
AE26.4	NA	NA	NA	4	NA	AE26	AshridgeEstate	7D_rep4	1
AE27.1	NA	NA	NA	1	NA	AE27	AshridgeEstate	7D_rep1	1
AE27.2	NA	NA	NA	2	NA	AE27	AshridgeEstate	7D_rep2	1
AE27.3	NA	NA	NA	3	NA	AE27	AshridgeEstate	7D_rep3	1
AE27.4	NA	NA	NA	4	NA	AE27	AshridgeEstate	7D_rep4	1
AE95.1	NA	NA	NA	1	NA	AE95	AshridgeEstate	7D_rep1	1
AE95.2	NA	NA	NA	2	NA	AE95	AshridgeEstate	7D_rep2	1
AE95.3	NA	NA	NA	3	NA	AE95	AshridgeEstate	7D_rep3	1
AE95.4	NA	NA	NA	4	NA	AE95	AshridgeEstate	7D_rep4	1
BB01.1	NA	NA	NA	1	NA	BB01	BurhamBeeches	7D_rep1	1
BB01.2	NA	NA	NA	2	NA	BB01	BurhamBeeches	7D_rep2	1
BB01.3	NA	NA	NA	3	NA	BB01	BurhamBeeches	7D_rep3	1
BB01.4	NA	NA	NA	4	NA	BB01	BurhamBeeches	7D_rep4	1
BB02.1	NA	NA	NA	1	NA	BB02	BurhamBeeches	7D_rep1	2
BB02.2	NA	NA	NA	2	NA	BB02	BurhamBeeches	7D_rep2	2
BB02.3	NA	NA	NA	3	NA	BB02	BurhamBeeches	7D_rep3	2
BB02.4	NA	NA	NA	4	NA	BB02	BurhamBeeches	7D_rep4	2
BB03.1	NA	NA	NA	1	NA	BB03	BurhamBeeches	7D_rep1	1
BB03.2	NA	NA	NA	2	NA	BB03	BurhamBeeches	7D_rep2	1
BB03.3	NA	NA	NA	3	NA	BB03	BurhamBeeches	7D_rep3	1
BB03.4	NA	NA	NA	4	NA	BB03	BurhamBeeches	7D_rep4	1
BB05.1	NA	NA	NA	1	NA	BB05	BurhamBeeches	7D_rep1	1
BB05.2	NA	NA	NA	2	NA	BB05	BurhamBeeches	7D_rep2	1
BB05.3	NA	NA	NA	3	NA	BB05	BurhamBeeches	7D_rep3	1
BB05.4	NA	NA	NA	4	NA	BB05	BurhamBeeches	7D_rep4	1
BB06.1	NA	NA	NA	1	NA	BB06	BurhamBeeches	7D_rep1	1
BB06.2	NA	NA	NA	2	NA	BB06	BurhamBeeches	7D_rep2	1
BB06.3	NA	NA	NA	3	NA	BB06	BurhamBeeches	7D_rep3	2
BB06.4	NA	NA	NA	4	NA	BB06	BurhamBeeches	7D_rep4	1
BB07.1	NA	NA	NA	1	NA	BB07	BurhamBeeches	7D_rep1	1
BB07.2	NA	NA	NA	2	NA	BB07	BurhamBeeches	7D_rep2	1
BB07.3	NA	NA	NA	3	NA	BB07	BurhamBeeches	7D_rep3	1
BB07.4	NA	NA	NA	4	NA	BB07	BurhamBeeches	7D_rep4	1
BB09.1	NA	NA	NA	1	NA	BB09	BurhamBeeches	7D_rep1	1
BB09.2	NA	NA	NA	2	NA	BB09	BurhamBeeches	7D_rep2	1
BB09.3	NA	NA	NA	3	NA	BB09	BurhamBeeches	7D_rep3	1
BB09.4	NA	NA	NA	4	NA	BB09	BurhamBeeches	7D_rep4	1
BB10.1	NA	NA	NA	1	NA	BB10	BurhamBeeches	7D_rep1	2
BB10.2	NA	NA	NA	2	NA	BB10	BurhamBeeches	7D_rep2	2
BB10.3	NA	NA	NA	3	NA	BB10	BurhamBeeches	7D_rep3	1
BB10.4	NA	NA	NA	4	NA	BB10	BurhamBeeches	7D_rep4	1
BB11.1	NA	NA	NA	1	NA	BB11	BurhamBeeches	7D_rep1	1
BB11.2	NA	NA	NA	2	NA	BB11	BurhamBeeches	7D_rep2	1
BB11.3	NA	NA	NA	3	NA	BB11	BurhamBeeches	7D_rep3	1
BB11.4	NA	NA	NA	4	NA	BB11	BurhamBeeches	7D_rep4	1
BB12.1	NA	NA	NA	1	NA	BB12	BurhamBeeches	7D_rep1	1
BB12.2	NA	NA	NA	2	NA	BB12	BurhamBeeches	7D_rep2	1
BB12.3	NA	NA	NA	3	NA	BB12	BurhamBeeches	7D_rep3	1
BB12.4	NA	NA	NA	4	NA	BB12	BurhamBeeches	7D_rep4	1
BB13.1	NA	NA	NA	1	NA	BB13	BurhamBeeches	7D_rep1	1
BB13.2	NA	NA	NA	2	NA	BB13	BurhamBeeches	7D_rep2	1
BB13.3	NA	NA	NA	3	NA	BB13	BurhamBeeches	7D_rep3	1
BB13.4	NA	NA	NA	4	NA	BB13	BurhamBeeches	7D_rep4	1
BB14.1	NA	NA	NA	1	NA	BB14	BurhamBeeches	7D_rep1	1
BB14.2	NA	NA	NA	2	NA	BB14	BurhamBeeches	7D_rep2	2
BB14.3	NA	NA	NA	3	NA	BB14	BurhamBeeches	7D_rep3	1
BB14.4	NA	NA	NA	4	NA	BB14	BurhamBeeches	7D_rep4	2
BB15.1	NA	NA	NA	1	NA	BB15	BurhamBeeches	7D_rep1	1
BB15.2	NA	NA	NA	2	NA	BB15	BurhamBeeches	7D_rep2	1
BB15.3	NA	NA	NA	3	NA	BB15	BurhamBeeches	7D_rep3	1
BB15.4	NA	NA	NA	4	NA	BB15	BurhamBeeches	7D_rep4	1
BB16.1	NA	NA	NA	1	NA	BB16	BurhamBeeches	7D_rep1	1
BB16.2	NA	NA	NA	2	NA	BB16	BurhamBeeches	7D_rep2	2
BB16.3	NA	NA	NA	3	NA	BB16	BurhamBeeches	7D_rep3	1
BB16.4	NA	NA	NA	4	NA	BB16	BurhamBeeches	7D_rep4	2
BB17.1	NA	NA	NA	1	NA	BB17	BurhamBeeches	7D_rep1	1
BB17.2	NA	NA	NA	2	NA	BB17	BurhamBeeches	7D_rep2	1
BB17.3	NA	NA	NA	3	NA	BB17	BurhamBeeches	7D_rep3	1
BB17.4	NA	NA	NA	4	NA	BB17	BurhamBeeches	7D_rep4	1
BB18.1	NA	NA	NA	1	NA	BB18	BurhamBeeches	7D_rep1	1
BB18.2	NA	NA	NA	2	NA	BB18	BurhamBeeches	7D_rep2	1
BB18.3	NA	NA	NA	3	NA	BB18	BurhamBeeches	7D_rep3	1
BB18.4	NA	NA	NA	4	NA	BB18	BurhamBeeches	7D_rep4	1
BB19.1	NA	NA	NA	1	NA	BB19	BurhamBeeches	7D_rep1	1
BB19.2	NA	NA	NA	2	NA	BB19	BurhamBeeches	7D_rep2	1
BB19.3	NA	NA	NA	3	NA	BB19	BurhamBeeches	7D_rep3	1
BB19.4	NA	NA	NA	4	NA	BB19	BurhamBeeches	7D_rep4	1
BB20.1	NA	NA	NA	1	NA	BB20	BurhamBeeches	7D_rep1	1
BB20.2	NA	NA	NA	2	NA	BB20	BurhamBeeches	7D_rep2	1
BB20.3	NA	NA	NA	3	NA	BB20	BurhamBeeches	7D_rep3	1
BB20.4	NA	NA	NA	4	NA	BB20	BurhamBeeches	7D_rep4	1
BB21.1	NA	NA	NA	1	NA	BB21	BurhamBeeches	7D_rep1	1
BB21.2	NA	NA	NA	2	NA	BB21	BurhamBeeches	7D_rep2	1
BB21.3	NA	NA	NA	3	NA	BB21	BurhamBeeches	7D_rep3	1
BB21.4	NA	NA	NA	4	NA	BB21	BurhamBeeches	7D_rep4	1
BB22.1	NA	NA	NA	1	NA	BB22	BurhamBeeches	7D_rep1	1
BB22.2	NA	NA	NA	2	NA	BB22	BurhamBeeches	7D_rep2	1
BB22.3	NA	NA	NA	3	NA	BB22	BurhamBeeches	7D_rep3	1
BB22.4	NA	NA	NA	4	NA	BB22	BurhamBeeches	7D_rep4	1
BB23.1	NA	NA	NA	1	NA	BB23	BurhamBeeches	7D_rep1	2
BB23.2	NA	NA	NA	2	NA	BB23	BurhamBeeches	7D_rep2	1
BB23.3	NA	NA	NA	3	NA	BB23	BurhamBeeches	7D_rep3	1
BB23.4	NA	NA	NA	4	NA	BB23	BurhamBeeches	7D_rep4	1
BB25.1	NA	NA	NA	1	NA	BB25	BurhamBeeches	7D_rep1	1
BB25.2	NA	NA	NA	2	NA	BB25	BurhamBeeches	7D_rep2	1
BB25.3	NA	NA	NA	3	NA	BB25	BurhamBeeches	7D_rep3	1
BB25.4	NA	NA	NA	4	NA	BB25	BurhamBeeches	7D_rep4	1
BB26.1	NA	NA	NA	1	NA	BB26	BurhamBeeches	7D_rep1	2
BB26.2	NA	NA	NA	2	NA	BB26	BurhamBeeches	7D_rep2	1
BB26.3	NA	NA	NA	3	NA	BB26	BurhamBeeches	7D_rep3	1
BB26.4	NA	NA	NA	4	NA	BB26	BurhamBeeches	7D_rep4	2
BB29.1	NA	NA	NA	1	NA	BB29	BurhamBeeches	7D_rep1	2
BB29.2	NA	NA	NA	2	NA	BB29	BurhamBeeches	7D_rep2	1
BB29.3	NA	NA	NA	3	NA	BB29	BurhamBeeches	7D_rep3	2
BB29.4	NA	NA	NA	4	NA	BB29	BurhamBeeches	7D_rep4	2
BB35.1	NA	NA	NA	1	NA	BB35	BurhamBeeches	7D_rep1	1
BB35.2	NA	NA	NA	2	NA	BB35	BurhamBeeches	7D_rep2	1
BB35.3	NA	NA	NA	3	NA	BB35	BurhamBeeches	7D_rep3	1
BB35.4	NA	NA	NA	4	NA	BB35	BurhamBeeches	7D_rep4	1
BB40.1	NA	NA	NA	1	NA	BB40	BurhamBeeches	7D_rep1	1
BB40.2	NA	NA	NA	2	NA	BB40	BurhamBeeches	7D_rep2	1
BB40.3	NA	NA	NA	3	NA	BB40	BurhamBeeches	7D_rep3	2
BB40.4	NA	NA	NA	4	NA	BB40	BurhamBeeches	7D_rep4	2
BB52.1	NA	NA	NA	1	NA	BB52	BurhamBeeches	7D_rep1	2
BB52.2	NA	NA	NA	2	NA	BB52	BurhamBeeches	7D_rep2	2
BB52.3	NA	NA	NA	3	NA	BB52	BurhamBeeches	7D_rep3	2
BB52.4	NA	NA	NA	4	NA	BB52	BurhamBeeches	7D_rep4	1
BB57.1	NA	NA	NA	1	NA	BB57	BurhamBeeches	7D_rep1	2
BB57.2	NA	NA	NA	2	NA	BB57	BurhamBeeches	7D_rep2	1
BB57.3	NA	NA	NA	3	NA	BB57	BurhamBeeches	7D_rep3	2
BB57.4	NA	NA	NA	4	NA	BB57	BurhamBeeches	7D_rep4	2
BB60.1	NA	NA	NA	1	NA	BB60	BurhamBeeches	7D_rep1	1
BB60.2	NA	NA	NA	2	NA	BB60	BurhamBeeches	7D_rep2	2
BB60.3	NA	NA	NA	3	NA	BB60	BurhamBeeches	7D_rep3	1
BB60.4	NA	NA	NA	4	NA	BB60	BurhamBeeches	7D_rep4	2
BB61.1	NA	NA	NA	1	NA	BB61	BurhamBeeches	7D_rep1	2
BB61.2	NA	NA	NA	2	NA	BB61	BurhamBeeches	7D_rep2	2
BB61.3	NA	NA	NA	3	NA	BB61	BurhamBeeches	7D_rep3	2
BB61.4	NA	NA	NA	4	NA	BB61	BurhamBeeches	7D_rep4	1
BB66.1	NA	NA	NA	1	NA	BB66	BurhamBeeches	7D_rep1	1
BB66.2	NA	NA	NA	2	NA	BB66	BurhamBeeches	7D_rep2	1
BB66.3	NA	NA	NA	3	NA	BB66	BurhamBeeches	7D_rep3	1
BB66.4	NA	NA	NA	4	NA	BB66	BurhamBeeches	7D_rep4	1
BB88.1	NA	NA	NA	1	NA	BB88	BurhamBeeches	7D_rep1	2
BB88.2	NA	NA	NA	2	NA	BB88	BurhamBeeches	7D_rep2	2
BB88.3	NA	NA	NA	3	NA	BB88	BurhamBeeches	7D_rep3	2
BB88.4	NA	NA	NA	4	NA	BB88	BurhamBeeches	7D_rep4	2
BWd01.1	NA	NA	NA	1	NA	BWd01	BeechWood	7D_rep1	1
BWd01.2	NA	NA	NA	2	NA	BWd01	BeechWood	7D_rep2	1
BWd01.3	NA	NA	NA	3	NA	BWd01	BeechWood	7D_rep3	1
BWd01.4	NA	NA	NA	4	NA	BWd01	BeechWood	7D_rep4	1
BWd02.1	NA	NA	NA	1	NA	BWd02	BeechWood	7D_rep1	1
BWd02.2	NA	NA	NA	2	NA	BWd02	BeechWood	7D_rep2	1
BWd02.3	NA	NA	NA	3	NA	BWd02	BeechWood	7D_rep3	1
BWd02.4	NA	NA	NA	4	NA	BWd02	BeechWood	7D_rep4	1
BWd03.1	NA	NA	NA	1	NA	BWd03	BeechWood	7D_rep1	1
BWd03.2	NA	NA	NA	2	NA	BWd03	BeechWood	7D_rep2	1
BWd03.3	NA	NA	NA	3	NA	BWd03	BeechWood	7D_rep3	1
BWd03.4	NA	NA	NA	4	NA	BWd03	BeechWood	7D_rep4	1
BWd04.1	NA	NA	NA	1	NA	BWd04	BeechWood	7D_rep1	1
BWd04.2	NA	NA	NA	2	NA	BWd04	BeechWood	7D_rep2	1
BWd04.3	NA	NA	NA	3	NA	BWd04	BeechWood	7D_rep3	1
BWd04.4	NA	NA	NA	4	NA	BWd04	BeechWood	7D_rep4	1
BWd05.1	NA	NA	NA	1	NA	BWd05	BeechWood	7D_rep1	1
BWd05.2	NA	NA	NA	2	NA	BWd05	BeechWood	7D_rep2	1
BWd05.3	NA	NA	NA	3	NA	BWd05	BeechWood	7D_rep3	1
BWd05.4	NA	NA	NA	4	NA	BWd05	BeechWood	7D_rep4	1
BWd07.1	NA	NA	NA	1	NA	BWd07	BeechWood	7D_rep1	1
BWd07.2	NA	NA	NA	2	NA	BWd07	BeechWood	7D_rep2	1
BWd07.3	NA	NA	NA	3	NA	BWd07	BeechWood	7D_rep3	1
BWd07.4	NA	NA	NA	4	NA	BWd07	BeechWood	7D_rep4	1
LW01.1	NA	NA	NA	1	NA	LW01	LongWood	7D_rep1	1
LW01.2	NA	NA	NA	2	NA	LW01	LongWood	7D_rep2	1
LW01.3	NA	NA	NA	3	NA	LW01	LongWood	7D_rep3	1
LW01.4	NA	NA	NA	4	NA	LW01	LongWood	7D_rep4	1
LW03.1	NA	NA	NA	1	NA	LW03	LongWood	7D_rep1	1
LW03.2	NA	NA	NA	2	NA	LW03	LongWood	7D_rep2	1
LW03.3	NA	NA	NA	3	NA	LW03	LongWood	7D_rep3	1
LW03.4	NA	NA	NA	4	NA	LW03	LongWood	7D_rep4	1
LW04.1	NA	NA	NA	1	NA	LW04	LongWood	7D_rep1	1
LW04.2	NA	NA	NA	2	NA	LW04	LongWood	7D_rep2	1
LW04.3	NA	NA	NA	3	NA	LW04	LongWood	7D_rep3	1
LW04.4	NA	NA	NA	4	NA	LW04	LongWood	7D_rep4	1
LW05.1	NA	NA	NA	1	NA	LW05	LongWood	7D_rep1	1
LW05.2	NA	NA	NA	2	NA	LW05	LongWood	7D_rep2	1
LW05.3	NA	NA	NA	3	NA	LW05	LongWood	7D_rep3	1
LW05.4	NA	NA	NA	4	NA	LW05	LongWood	7D_rep4	1
LW06.1	NA	NA	NA	1	NA	LW06	LongWood	7D_rep1	1
LW06.2	NA	NA	NA	2	NA	LW06	LongWood	7D_rep2	1
LW06.3	NA	NA	NA	3	NA	LW06	LongWood	7D_rep3	1
LW06.4	NA	NA	NA	4	NA	LW06	LongWood	7D_rep4	1
LW07.1	NA	NA	NA	1	NA	LW07	LongWood	7D_rep1	1
LW07.2	NA	NA	NA	2	NA	LW07	LongWood	7D_rep2	1
LW07.3	NA	NA	NA	3	NA	LW07	LongWood	7D_rep3	1
LW07.4	NA	NA	NA	4	NA	LW07	LongWood	7D_rep4	1
LW08.1	NA	NA	NA	1	NA	LW08	LongWood	7D_rep1	1
LW08.2	NA	NA	NA	2	NA	LW08	LongWood	7D_rep2	1
LW08.3	NA	NA	NA	3	NA	LW08	LongWood	7D_rep3	1
LW08.4	NA	NA	NA	4	NA	LW08	LongWood	7D_rep4	1
LW09.1	NA	NA	NA	1	NA	LW09	LongWood	7D_rep1	1
LW09.2	NA	NA	NA	2	NA	LW09	LongWood	7D_rep2	1
LW09.3	NA	NA	NA	3	NA	LW09	LongWood	7D_rep3	1
LW09.4	NA	NA	NA	4	NA	LW09	LongWood	7D_rep4	1
LW10.1	NA	NA	NA	1	NA	LW10	LongWood	7D_rep1	1
LW10.2	NA	NA	NA	2	NA	LW10	LongWood	7D_rep2	1
LW10.3	NA	NA	NA	3	NA	LW10	LongWood	7D_rep3	1
LW10.4	NA	NA	NA	4	NA	LW10	LongWood	7D_rep4	1
LW11.1	NA	NA	NA	1	NA	LW11	LongWood	7D_rep1	1
LW11.2	NA	NA	NA	2	NA	LW11	LongWood	7D_rep2	1
LW11.3	NA	NA	NA	3	NA	LW11	LongWood	7D_rep3	1
LW11.4	NA	NA	NA	4	NA	LW11	LongWood	7D_rep4	1
LW12.1	NA	NA	NA	1	NA	LW12	LongWood	7D_rep1	1
LW12.2	NA	NA	NA	2	NA	LW12	LongWood	7D_rep2	1
LW12.3	NA	NA	NA	3	NA	LW12	LongWood	7D_rep3	1
LW12.4	NA	NA	NA	4	NA	LW12	LongWood	7D_rep4	1
OWW01.1	NA	NA	NA	1	NA	OWW01	OldWindsorWood	7D_rep1	1
OWW01.2	NA	NA	NA	2	NA	OWW01	OldWindsorWood	7D_rep2	1
OWW01.3	NA	NA	NA	3	NA	OWW01	OldWindsorWood	7D_rep3	1
OWW01.4	NA	NA	NA	4	NA	OWW01	OldWindsorWood	7D_rep4	1
OWW02.1	NA	NA	NA	1	NA	OWW02	OldWindsorWood	7D_rep1	1
OWW02.2	NA	NA	NA	2	NA	OWW02	OldWindsorWood	7D_rep2	1
OWW02.3	NA	NA	NA	3	NA	OWW02	OldWindsorWood	7D_rep3	1
OWW02.4	NA	NA	NA	4	NA	OWW02	OldWindsorWood	7D_rep4	1
OWW04.1	NA	NA	NA	1	NA	OWW04	OldWindsorWood	7D_rep1	1
OWW04.2	NA	NA	NA	2	NA	OWW04	OldWindsorWood	7D_rep2	1
OWW04.3	NA	NA	NA	3	NA	OWW04	OldWindsorWood	7D_rep3	1
OWW04.4	NA	NA	NA	4	NA	OWW04	OldWindsorWood	7D_rep4	1
OWW05.1	NA	NA	NA	1	NA	OWW05	OldWindsorWood	7D_rep1	1
OWW05.2	NA	NA	NA	2	NA	OWW05	OldWindsorWood	7D_rep2	1
OWW05.3	NA	NA	NA	3	NA	OWW05	OldWindsorWood	7D_rep3	1
OWW05.4	NA	NA	NA	4	NA	OWW05	OldWindsorWood	7D_rep4	1
OWW06.1	NA	NA	NA	1	NA	OWW06	OldWindsorWood	7D_rep1	1
OWW06.2	NA	NA	NA	2	NA	OWW06	OldWindsorWood	7D_rep2	1
OWW06.3	NA	NA	NA	3	NA	OWW06	OldWindsorWood	7D_rep3	1
OWW06.4	NA	NA	NA	4	NA	OWW06	OldWindsorWood	7D_rep4	1
OWW07.1	NA	NA	NA	1	NA	OWW07	OldWindsorWood	7D_rep1	1
OWW07.2	NA	NA	NA	2	NA	OWW07	OldWindsorWood	7D_rep2	1
OWW07.3	NA	NA	NA	3	NA	OWW07	OldWindsorWood	7D_rep3	1
OWW07.4	NA	NA	NA	4	NA	OWW07	OldWindsorWood	7D_rep4	1
OWW08.1	NA	NA	NA	1	NA	OWW08	OldWindsorWood	7D_rep1	1
OWW08.2	NA	NA	NA	2	NA	OWW08	OldWindsorWood	7D_rep2	1
OWW08.3	NA	NA	NA	3	NA	OWW08	OldWindsorWood	7D_rep3	1
OWW08.4	NA	NA	NA	4	NA	OWW08	OldWindsorWood	7D_rep4	1
OWW09.1	NA	NA	NA	1	NA	OWW09	OldWindsorWood	7D_rep1	1
OWW09.2	NA	NA	NA	2	NA	OWW09	OldWindsorWood	7D_rep2	1
OWW09.3	NA	NA	NA	3	NA	OWW09	OldWindsorWood	7D_rep3	1
OWW09.4	NA	NA	NA	4	NA	OWW09	OldWindsorWood	7D_rep4	1
OWW11.1	NA	NA	NA	1	NA	OWW11	OldWindsorWood	7D_rep1	1
OWW11.2	NA	NA	NA	2	NA	OWW11	OldWindsorWood	7D_rep2	2
OWW11.3	NA	NA	NA	3	NA	OWW11	OldWindsorWood	7D_rep3	1
OWW11.4	NA	NA	NA	4	NA	OWW11	OldWindsorWood	7D_rep4	1
OWW12.1	NA	NA	NA	1	NA	OWW12	OldWindsorWood	7D_rep1	1
OWW12.2	NA	NA	NA	2	NA	OWW12	OldWindsorWood	7D_rep2	1
OWW12.3	NA	NA	NA	3	NA	OWW12	OldWindsorWood	7D_rep3	1
OWW12.4	NA	NA	NA	4	NA	OWW12	OldWindsorWood	7D_rep4	1
OWW13.1	NA	NA	NA	1	NA	OWW13	OldWindsorWood	7D_rep1	1
OWW13.2	NA	NA	NA	2	NA	OWW13	OldWindsorWood	7D_rep2	1
OWW13.3	NA	NA	NA	3	NA	OWW13	OldWindsorWood	7D_rep3	1
OWW13.4	NA	NA	NA	4	NA	OWW13	OldWindsorWood	7D_rep4	1
OWW14.1	NA	NA	NA	1	NA	OWW14	OldWindsorWood	7D_rep1	1
OWW14.2	NA	NA	NA	2	NA	OWW14	OldWindsorWood	7D_rep2	1
OWW14.3	NA	NA	NA	3	NA	OWW14	OldWindsorWood	7D_rep3	1
OWW14.4	NA	NA	NA	4	NA	OWW14	OldWindsorWood	7D_rep4	1
OWW15.1	NA	NA	NA	1	NA	OWW15	OldWindsorWood	7D_rep1	1
OWW15.2	NA	NA	NA	2	NA	OWW15	OldWindsorWood	7D_rep2	1
OWW15.3	NA	NA	NA	3	NA	OWW15	OldWindsorWood	7D_rep3	1
OWW15.4	NA	NA	NA	4	NA	OWW15	OldWindsorWood	7D_rep4	1
OWW16.1	NA	NA	NA	1	NA	OWW16	OldWindsorWood	7D_rep1	1
OWW16.2	NA	NA	NA	2	NA	OWW16	OldWindsorWood	7D_rep2	1
OWW16.3	NA	NA	NA	3	NA	OWW16	OldWindsorWood	7D_rep3	1
OWW16.4	NA	NA	NA	4	NA	OWW16	OldWindsorWood	7D_rep4	1
PH01.1	NA	NA	NA	1	NA	PH01	PullingshillWood	7D_rep1	2
PH01.2	NA	NA	NA	2	NA	PH01	PullingshillWood	7D_rep2	2
PH01.3	NA	NA	NA	3	NA	PH01	PullingshillWood	7D_rep3	2
PH01.4	NA	NA	NA	4	NA	PH01	PullingshillWood	7D_rep4	2
PH02.1	NA	NA	NA	1	NA	PH02	PullingshillWood	7D_rep1	2
PH02.2	NA	NA	NA	2	NA	PH02	PullingshillWood	7D_rep2	2
PH02.3	NA	NA	NA	3	NA	PH02	PullingshillWood	7D_rep3	2
PH02.4	NA	NA	NA	4	NA	PH02	PullingshillWood	7D_rep4	2
PH03.1	NA	NA	NA	1	NA	PH03	PullingshillWood	7D_rep1	2
PH03.2	NA	NA	NA	2	NA	PH03	PullingshillWood	7D_rep2	2
PH03.3	NA	NA	NA	3	NA	PH03	PullingshillWood	7D_rep3	2
PH03.4	NA	NA	NA	4	NA	PH03	PullingshillWood	7D_rep4	2
PH04.1	NA	NA	NA	1	NA	PH04	PullingshillWood	7D_rep1	2
PH04.2	NA	NA	NA	2	NA	PH04	PullingshillWood	7D_rep2	2
PH04.3	NA	NA	NA	3	NA	PH04	PullingshillWood	7D_rep3	2
PH04.4	NA	NA	NA	4	NA	PH04	PullingshillWood	7D_rep4	2
PH05.1	NA	NA	NA	1	NA	PH05	PullingshillWood	7D_rep1	2
PH05.2	NA	NA	NA	2	NA	PH05	PullingshillWood	7D_rep2	2
PH05.3	NA	NA	NA	3	NA	PH05	PullingshillWood	7D_rep3	2
PH05.4	NA	NA	NA	4	NA	PH05	PullingshillWood	7D_rep4	2
PH06.1	NA	NA	NA	1	NA	PH06	PullingshillWood	7D_rep1	2
PH06.2	NA	NA	NA	2	NA	PH06	PullingshillWood	7D_rep2	2
PH06.3	NA	NA	NA	3	NA	PH06	PullingshillWood	7D_rep3	2
PH06.4	NA	NA	NA	4	NA	PH06	PullingshillWood	7D_rep4	2
PH08.1	NA	NA	NA	1	NA	PH08	PullingshillWood	7D_rep1	2
PH08.2	NA	NA	NA	2	NA	PH08	PullingshillWood	7D_rep2	2
PH08.3	NA	NA	NA	3	NA	PH08	PullingshillWood	7D_rep3	2
PH08.4	NA	NA	NA	4	NA	PH08	PullingshillWood	7D_rep4	2
PH09.1	NA	NA	NA	1	NA	PH09	PullingshillWood	7D_rep1	2
PH09.2	NA	NA	NA	2	NA	PH09	PullingshillWood	7D_rep2	2
PH09.3	NA	NA	NA	3	NA	PH09	PullingshillWood	7D_rep3	2
PH09.4	NA	NA	NA	4	NA	PH09	PullingshillWood	7D_rep4	2
PH10.1	NA	NA	NA	1	NA	PH10	PullingshillWood	7D_rep1	2
PH10.2	NA	NA	NA	2	NA	PH10	PullingshillWood	7D_rep2	2
PH10.3	NA	NA	NA	3	NA	PH10	PullingshillWood	7D_rep3	2
PH10.4	NA	NA	NA	4	NA	PH10	PullingshillWood	7D_rep4	2
PH11.1	NA	NA	NA	1	NA	PH11	PullingshillWood	7D_rep1	2
PH11.2	NA	NA	NA	2	NA	PH11	PullingshillWood	7D_rep2	2
PH11.3	NA	NA	NA	3	NA	PH11	PullingshillWood	7D_rep3	2
PH11.4	NA	NA	NA	4	NA	PH11	PullingshillWood	7D_rep4	2
PH12.1	NA	NA	NA	1	NA	PH12	PullingshillWood	7D_rep1	2
PH12.2	NA	NA	NA	2	NA	PH12	PullingshillWood	7D_rep2	2
PH12.3	NA	NA	NA	3	NA	PH12	PullingshillWood	7D_rep3	2
PH12.4	NA	NA	NA	4	NA	PH12	PullingshillWood	7D_rep4	2
PH13.1	NA	NA	NA	1	NA	PH13	PullingshillWood	7D_rep1	2
PH13.2	NA	NA	NA	2	NA	PH13	PullingshillWood	7D_rep2	2
PH13.3	NA	NA	NA	3	NA	PH13	PullingshillWood	7D_rep3	2
PH13.4	NA	NA	NA	4	NA	PH13	PullingshillWood	7D_rep4	2
PH14.1	NA	NA	NA	1	NA	PH14	PullingshillWood	7D_rep1	2
PH14.2	NA	NA	NA	2	NA	PH14	PullingshillWood	7D_rep2	2
PH14.3	NA	NA	NA	3	NA	PH14	PullingshillWood	7D_rep3	2
PH14.4	NA	NA	NA	4	NA	PH14	PullingshillWood	7D_rep4	2
PH15.1	NA	NA	NA	1	NA	PH15	PullingshillWood	7D_rep1	2
PH15.2	NA	NA	NA	2	NA	PH15	PullingshillWood	7D_rep2	2
PH15.3	NA	NA	NA	3	NA	PH15	PullingshillWood	7D_rep3	2
PH15.4	NA	NA	NA	4	NA	PH15	PullingshillWood	7D_rep4	2
PH17.1	NA	NA	NA	1	NA	PH17	PullingshillWood	7D_rep1	2
PH17.2	NA	NA	NA	2	NA	PH17	PullingshillWood	7D_rep2	2
PH17.3	NA	NA	NA	3	NA	PH17	PullingshillWood	7D_rep3	2
PH17.4	NA	NA	NA	4	NA	PH17	PullingshillWood	7D_rep4	2
PH18.1	NA	NA	NA	1	NA	PH18	PullingshillWood	7D_rep1	2
PH18.2	NA	NA	NA	2	NA	PH18	PullingshillWood	7D_rep2	2
PH18.3	NA	NA	NA	3	NA	PH18	PullingshillWood	7D_rep3	2
PH18.4	NA	NA	NA	4	NA	PH18	PullingshillWood	7D_rep4	2
PH19.1	NA	NA	NA	1	NA	PH19	PullingshillWood	7D_rep1	2
PH19.2	NA	NA	NA	2	NA	PH19	PullingshillWood	7D_rep2	2
PH19.3	NA	NA	NA	3	NA	PH19	PullingshillWood	7D_rep3	2
PH19.4	NA	NA	NA	4	NA	PH19	PullingshillWood	7D_rep4	2
PH20.1	NA	NA	NA	1	NA	PH20	PullingshillWood	7D_rep1	2
PH20.2	NA	NA	NA	2	NA	PH20	PullingshillWood	7D_rep2	2
PH20.3	NA	NA	NA	3	NA	PH20	PullingshillWood	7D_rep3	2
PH20.4	NA	NA	NA	4	NA	PH20	PullingshillWood	7D_rep4	2
PH21.1	NA	NA	NA	1	NA	PH21	PullingshillWood	7D_rep1	2
PH21.2	NA	NA	NA	2	NA	PH21	PullingshillWood	7D_rep2	2
PH21.3	NA	NA	NA	3	NA	PH21	PullingshillWood	7D_rep3	2
PH21.4	NA	NA	NA	4	NA	PH21	PullingshillWood	7D_rep4	2
PH22.1	NA	NA	NA	1	NA	PH22	PullingshillWood	7D_rep1	2
PH22.2	NA	NA	NA	2	NA	PH22	PullingshillWood	7D_rep2	2
PH22.3	NA	NA	NA	3	NA	PH22	PullingshillWood	7D_rep3	2
PH22.4	NA	NA	NA	4	NA	PH22	PullingshillWood	7D_rep4	2
PH24.1	NA	NA	NA	1	NA	PH24	PullingshillWood	7D_rep1	2
PH24.2	NA	NA	NA	2	NA	PH24	PullingshillWood	7D_rep2	2
PH24.3	NA	NA	NA	3	NA	PH24	PullingshillWood	7D_rep3	2
PH24.4	NA	NA	NA	4	NA	PH24	PullingshillWood	7D_rep4	2
RDM01.1	NA	NA	NA	1	NA	RDM01	SilwoodPark	7D_rep1	2
RDM01.2	NA	NA	NA	2	NA	RDM01	SilwoodPark	7D_rep2	1
RDM01.3	NA	NA	NA	3	NA	RDM01	SilwoodPark	7D_rep3	2
RDM01.4	NA	NA	NA	4	NA	RDM01	SilwoodPark	7D_rep4	2
SAC02.1	NA	NA	NA	1	NA	SAC02	StAlbansCity	7D_rep1	2
SAC02.2	NA	NA	NA	2	NA	SAC02	StAlbansCity	7D_rep2	2
SAC02.3	NA	NA	NA	3	NA	SAC02	StAlbansCity	7D_rep3	2
SAC02.4	NA	NA	NA	4	NA	SAC02	StAlbansCity	7D_rep4	1
SAC03.1	NA	NA	NA	1	NA	SAC03	StAlbansCity	7D_rep1	2
SAC03.2	NA	NA	NA	2	NA	SAC03	StAlbansCity	7D_rep2	2
SAC03.3	NA	NA	NA	3	NA	SAC03	StAlbansCity	7D_rep3	2
SAC03.4	NA	NA	NA	4	NA	SAC03	StAlbansCity	7D_rep4	1
SAC04.1	NA	NA	NA	1	NA	SAC04	StAlbansCity	7D_rep1	2
SAC04.2	NA	NA	NA	2	NA	SAC04	StAlbansCity	7D_rep2	2
SAC04.3	NA	NA	NA	3	NA	SAC04	StAlbansCity	7D_rep3	2
SAC04.4	NA	NA	NA	4	NA	SAC04	StAlbansCity	7D_rep4	1
SAC05.1	NA	NA	NA	1	NA	SAC05	StAlbansCity	7D_rep1	2
SAC05.2	NA	NA	NA	2	NA	SAC05	StAlbansCity	7D_rep2	2
SAC05.3	NA	NA	NA	3	NA	SAC05	StAlbansCity	7D_rep3	2
SAC05.4	NA	NA	NA	4	NA	SAC05	StAlbansCity	7D_rep4	1
SAC06.1	NA	NA	NA	1	NA	SAC06	StAlbansCity	7D_rep1	2
SAC06.2	NA	NA	NA	2	NA	SAC06	StAlbansCity	7D_rep2	2
SAC06.3	NA	NA	NA	3	NA	SAC06	StAlbansCity	7D_rep3	2
SAC06.4	NA	NA	NA	4	NA	SAC06	StAlbansCity	7D_rep4	1
SAC07.1	NA	NA	NA	1	NA	SAC07	StAlbansCity	7D_rep1	2
SAC07.2	NA	NA	NA	2	NA	SAC07	StAlbansCity	7D_rep2	2
SAC07.3	NA	NA	NA	3	NA	SAC07	StAlbansCity	7D_rep3	2
SAC07.4	NA	NA	NA	4	NA	SAC07	StAlbansCity	7D_rep4	1
SAC08.1	NA	NA	NA	1	NA	SAC08	StAlbansCity	7D_rep1	1
SAC08.2	NA	NA	NA	2	NA	SAC08	StAlbansCity	7D_rep2	2
SAC08.3	NA	NA	NA	3	NA	SAC08	StAlbansCity	7D_rep3	2
SAC08.4	NA	NA	NA	4	NA	SAC08	StAlbansCity	7D_rep4	1
SAC10.1	NA	NA	NA	1	NA	SAC10	StAlbansCity	7D_rep1	2
SAC10.2	NA	NA	NA	2	NA	SAC10	StAlbansCity	7D_rep2	2
SAC10.3	NA	NA	NA	3	NA	SAC10	StAlbansCity	7D_rep3	2
SAC10.4	NA	NA	NA	4	NA	SAC10	StAlbansCity	7D_rep4	2
SAC11.1	NA	NA	NA	1	NA	SAC11	StAlbansCity	7D_rep1	2
SAC11.2	NA	NA	NA	2	NA	SAC11	StAlbansCity	7D_rep2	2
SAC11.3	NA	NA	NA	3	NA	SAC11	StAlbansCity	7D_rep3	2
SAC11.4	NA	NA	NA	4	NA	SAC11	StAlbansCity	7D_rep4	2
SAC12.1	NA	NA	NA	1	NA	SAC12	StAlbansCity	7D_rep1	2
SAC12.2	NA	NA	NA	2	NA	SAC12	StAlbansCity	7D_rep2	2
SAC12.3	NA	NA	NA	3	NA	SAC12	StAlbansCity	7D_rep3	2
SAC12.4	NA	NA	NA	4	NA	SAC12	StAlbansCity	7D_rep4	2
SAC13.1	NA	NA	NA	1	NA	SAC13	StAlbansCity	7D_rep1	2
SAC13.2	NA	NA	NA	2	NA	SAC13	StAlbansCity	7D_rep2	2
SAC13.3	NA	NA	NA	3	NA	SAC13	StAlbansCity	7D_rep3	2
SAC13.4	NA	NA	NA	4	NA	SAC13	StAlbansCity	7D_rep4	2
SAC14.1	NA	NA	NA	1	NA	SAC14	StAlbansCity	7D_rep1	2
SAC14.2	NA	NA	NA	2	NA	SAC14	StAlbansCity	7D_rep2	2
SAC14.3	NA	NA	NA	3	NA	SAC14	StAlbansCity	7D_rep3	2
SAC14.4	NA	NA	NA	4	NA	SAC14	StAlbansCity	7D_rep4	2
SAC15.1	NA	NA	NA	1	NA	SAC15	StAlbansCity	7D_rep1	2
SAC15.2	NA	NA	NA	2	NA	SAC15	StAlbansCity	7D_rep2	2
SAC15.3	NA	NA	NA	3	NA	SAC15	StAlbansCity	7D_rep3	2
SAC15.4	NA	NA	NA	4	NA	SAC15	StAlbansCity	7D_rep4	2
SAC16.1	NA	NA	NA	1	NA	SAC16	StAlbansCity	7D_rep1	2
SAC16.2	NA	NA	NA	2	NA	SAC16	StAlbansCity	7D_rep2	2
SAC16.3	NA	NA	NA	3	NA	SAC16	StAlbansCity	7D_rep3	2
SAC16.4	NA	NA	NA	4	NA	SAC16	StAlbansCity	7D_rep4	2
WEL01.1	NA	NA	NA	1	NA	WEL01	CombeHill	7D_rep1	2
WEL01.2	NA	NA	NA	2	NA	WEL01	CombeHill	7D_rep2	2
WEL01.3	NA	NA	NA	3	NA	WEL01	CombeHill	7D_rep3	2
WEL01.4	NA	NA	NA	4	NA	WEL01	CombeHill	7D_rep4	2
WEL02.1	NA	NA	NA	1	NA	WEL02	CombeHill	7D_rep1	2
WEL02.2	NA	NA	NA	2	NA	WEL02	CombeHill	7D_rep2	2
WEL02.3	NA	NA	NA	3	NA	WEL02	CombeHill	7D_rep3	2
WEL02.4	NA	NA	NA	4	NA	WEL02	CombeHill	7D_rep4	2
WEL03.1	NA	NA	NA	1	NA	WEL03	CombeHill	7D_rep1	2
WEL03.2	NA	NA	NA	2	NA	WEL03	CombeHill	7D_rep2	2
WEL03.3	NA	NA	NA	3	NA	WEL03	CombeHill	7D_rep3	2
WEL03.4	NA	NA	NA	4	NA	WEL03	CombeHill	7D_rep4	1
WEL04.1	NA	NA	NA	1	NA	WEL04	CombeHill	7D_rep1	2
WEL04.2	NA	NA	NA	2	NA	WEL04	CombeHill	7D_rep2	2
WEL04.3	NA	NA	NA	3	NA	WEL04	CombeHill	7D_rep3	2
WEL04.4	NA	NA	NA	4	NA	WEL04	CombeHill	7D_rep4	2
WEL05.1	NA	NA	NA	1	NA	WEL05	CombeHill	7D_rep1	2
WEL05.2	NA	NA	NA	2	NA	WEL05	CombeHill	7D_rep2	2
WEL05.3	NA	NA	NA	3	NA	WEL05	CombeHill	7D_rep3	2
WEL05.4	NA	NA	NA	4	NA	WEL05	CombeHill	7D_rep4	2
WEL06.1	NA	NA	NA	1	NA	WEL06	CombeHill	7D_rep1	2
WEL06.2	NA	NA	NA	2	NA	WEL06	CombeHill	7D_rep2	2
WEL06.3	NA	NA	NA	3	NA	WEL06	CombeHill	7D_rep3	2
WEL06.4	NA	NA	NA	4	NA	WEL06	CombeHill	7D_rep4	2
WEL07.1	NA	NA	NA	1	NA	WEL07	CombeHill	7D_rep1	2
WEL07.2	NA	NA	NA	2	NA	WEL07	CombeHill	7D_rep2	2
WEL07.3	NA	NA	NA	3	NA	WEL07	CombeHill	7D_rep3	2
WEL07.4	NA	NA	NA	4	NA	WEL07	CombeHill	7D_rep4	2
WEL08.1	NA	NA	NA	1	NA	WEL08	CombeHill	7D_rep1	2
WEL08.2	NA	NA	NA	2	NA	WEL08	CombeHill	7D_rep2	2
WEL08.3	NA	NA	NA	3	NA	WEL08	CombeHill	7D_rep3	2
WEL08.4	NA	NA	NA	4	NA	WEL08	CombeHill	7D_rep4	2
WEL09.1	NA	NA	NA	1	NA	WEL09	CombeHill	7D_rep1	2
WEL09.2	NA	NA	NA	2	NA	WEL09	CombeHill	7D_rep2	2
WEL09.3	NA	NA	NA	3	NA	WEL09	CombeHill	7D_rep3	2
WEL09.4	NA	NA	NA	4	NA	WEL09	CombeHill	7D_rep4	2
WEL12.1	NA	NA	NA	1	NA	WEL12	CombeHill	7D_rep1	2
WEL12.2	NA	NA	NA	2	NA	WEL12	CombeHill	7D_rep2	2
WEL12.3	NA	NA	NA	3	NA	WEL12	CombeHill	7D_rep3	2
WEL12.4	NA	NA	NA	4	NA	WEL12	CombeHill	7D_rep4	2
WEL13.1	NA	NA	NA	1	NA	WEL13	CombeHill	7D_rep1	1
WEL13.2	NA	NA	NA	2	NA	WEL13	CombeHill	7D_rep2	2
WEL13.3	NA	NA	NA	3	NA	WEL13	CombeHill	7D_rep3	2
WEL13.4	NA	NA	NA	4	NA	WEL13	CombeHill	7D_rep4	2
WEL14.1	NA	NA	NA	1	NA	WEL14	CombeHill	7D_rep1	2
WEL14.2	NA	NA	NA	2	NA	WEL14	CombeHill	7D_rep2	2
WEL14.3	NA	NA	NA	3	NA	WEL14	CombeHill	7D_rep3	2
WEL14.4	NA	NA	NA	4	NA	WEL14	CombeHill	7D_rep4	2
WEL15.1	NA	NA	NA	1	NA	WEL15	CombeHill	7D_rep1	2
WEL15.2	NA	NA	NA	2	NA	WEL15	CombeHill	7D_rep2	2
WEL15.3	NA	NA	NA	3	NA	WEL15	CombeHill	7D_rep3	2
WEL15.4	NA	NA	NA	4	NA	WEL15	CombeHill	7D_rep4	2
WEL17.1	NA	NA	NA	1	NA	WEL17	CombeHill	7D_rep1	2
WEL17.2	NA	NA	NA	2	NA	WEL17	CombeHill	7D_rep2	2
WEL17.3	NA	NA	NA	3	NA	WEL17	CombeHill	7D_rep3	2
WEL17.4	NA	NA	NA	4	NA	WEL17	CombeHill	7D_rep4	2
WEL18.1	NA	NA	NA	1	NA	WEL18	CombeHill	7D_rep1	2
WEL18.2	NA	NA	NA	2	NA	WEL18	CombeHill	7D_rep2	2
WEL18.3	NA	NA	NA	3	NA	WEL18	CombeHill	7D_rep3	2
WEL18.4	NA	NA	NA	4	NA	WEL18	CombeHill	7D_rep4	2
WEL20.1	NA	NA	NA	1	NA	WEL20	CombeHill	7D_rep1	2
WEL20.2	NA	NA	NA	2	NA	WEL20	CombeHill	7D_rep2	2
WEL20.3	NA	NA	NA	3	NA	WEL20	CombeHill	7D_rep3	2
WEL20.4	NA	NA	NA	4	NA	WEL20	CombeHill	7D_rep4	2
WEL22.1	NA	NA	NA	1	NA	WEL22	CombeHill	7D_rep1	2
WEL22.2	NA	NA	NA	2	NA	WEL22	CombeHill	7D_rep2	2
WEL22.3	NA	NA	NA	3	NA	WEL22	CombeHill	7D_rep3	2
WEL22.4	NA	NA	NA	4	NA	WEL22	CombeHill	7D_rep4	2
WEL23.1	NA	NA	NA	1	NA	WEL23	CombeHill	7D_rep1	2
WEL23.2	NA	NA	NA	2	NA	WEL23	CombeHill	7D_rep2	2
WEL23.3	NA	NA	NA	3	NA	WEL23	CombeHill	7D_rep3	2
WEL23.4	NA	NA	NA	4	NA	WEL23	CombeHill	7D_rep4	2
WEL24.1	NA	NA	NA	1	NA	WEL24	CombeHill	7D_rep1	2
WEL24.2	NA	NA	NA	2	NA	WEL24	CombeHill	7D_rep2	2
WEL24.3	NA	NA	NA	3	NA	WEL24	CombeHill	7D_rep3	2
WEL24.4	NA	NA	NA	4	NA	WEL24	CombeHill	7D_rep4	2
WEL25.1	NA	NA	NA	1	NA	WEL25	CombeHill	7D_rep1	2
WEL25.2	NA	NA	NA	2	NA	WEL25	CombeHill	7D_rep2	2
WEL25.3	NA	NA	NA	3	NA	WEL25	CombeHill	7D_rep3	2
WEL25.4	NA	NA	NA	4	NA	WEL25	CombeHill	7D_rep4	1
WEL26.1	NA	NA	NA	1	NA	WEL26	CombeHill	7D_rep1	2
WEL26.2	NA	NA	NA	2	NA	WEL26	CombeHill	7D_rep2	2
WEL26.3	NA	NA	NA	3	NA	WEL26	CombeHill	7D_rep3	2
WEL26.4	NA	NA	NA	4	NA	WEL26	CombeHill	7D_rep4	2
WF01.1	NA	NA	NA	1	NA	WF01	WindsorForest	7D_rep1	1
WF01.2	NA	NA	NA	2	NA	WF01	WindsorForest	7D_rep2	1
WF01.3	NA	NA	NA	3	NA	WF01	WindsorForest	7D_rep3	1
WF01.4	NA	NA	NA	4	NA	WF01	WindsorForest	7D_rep4	1
WF02.1	NA	NA	NA	1	NA	WF02	WindsorForest	7D_rep1	1
WF02.2	NA	NA	NA	2	NA	WF02	WindsorForest	7D_rep2	1
WF02.3	NA	NA	NA	3	NA	WF02	WindsorForest	7D_rep3	1
WF02.4	NA	NA	NA	4	NA	WF02	WindsorForest	7D_rep4	1
WF04.1	NA	NA	NA	1	NA	WF04	WindsorForest	7D_rep1	1
WF04.2	NA	NA	NA	2	NA	WF04	WindsorForest	7D_rep2	1
WF04.3	NA	NA	NA	3	NA	WF04	WindsorForest	7D_rep3	1
WF04.4	NA	NA	NA	4	NA	WF04	WindsorForest	7D_rep4	1
WF05.1	NA	NA	NA	1	NA	WF05	WindsorForest	7D_rep1	1
WF05.2	NA	NA	NA	2	NA	WF05	WindsorForest	7D_rep2	1
WF05.3	NA	NA	NA	3	NA	WF05	WindsorForest	7D_rep3	1
WF05.4	NA	NA	NA	4	NA	WF05	WindsorForest	7D_rep4	1
WF06.1	NA	NA	NA	1	NA	WF06	WindsorForest	7D_rep1	1
WF06.2	NA	NA	NA	2	NA	WF06	WindsorForest	7D_rep2	1
WF06.3	NA	NA	NA	3	NA	WF06	WindsorForest	7D_rep3	1
WF06.4	NA	NA	NA	4	NA	WF06	WindsorForest	7D_rep4	1
WF07.1	NA	NA	NA	1	NA	WF07	WindsorForest	7D_rep1	1
WF07.2	NA	NA	NA	2	NA	WF07	WindsorForest	7D_rep2	1
WF07.3	NA	NA	NA	3	NA	WF07	WindsorForest	7D_rep3	1
WF07.4	NA	NA	NA	4	NA	WF07	WindsorForest	7D_rep4	2
WiW01.1	NA	NA	NA	1	NA	WiW01	GreenbroomCovert	7D_rep1	1
WiW01.2	NA	NA	NA	2	NA	WiW01	GreenbroomCovert	7D_rep2	1
WiW01.3	NA	NA	NA	3	NA	WiW01	GreenbroomCovert	7D_rep3	1
WiW01.4	NA	NA	NA	4	NA	WiW01	GreenbroomCovert	7D_rep4	1
WiW02.1	NA	NA	NA	1	NA	WiW02	GreenbroomCovert	7D_rep1	1
WiW02.2	NA	NA	NA	2	NA	WiW02	GreenbroomCovert	7D_rep2	1
WiW02.3	NA	NA	NA	3	NA	WiW02	GreenbroomCovert	7D_rep3	1
WiW02.4	NA	NA	NA	4	NA	WiW02	GreenbroomCovert	7D_rep4	1
WiW03.1	NA	NA	NA	1	NA	WiW03	GreenbroomCovert	7D_rep1	1
WiW03.2	NA	NA	NA	2	NA	WiW03	GreenbroomCovert	7D_rep2	1
WiW03.3	NA	NA	NA	3	NA	WiW03	GreenbroomCovert	7D_rep3	1
WiW03.4	NA	NA	NA	4	NA	WiW03	GreenbroomCovert	7D_rep4	1
WiW04.1	NA	NA	NA	1	NA	WiW04	GreenbroomCovert	7D_rep1	1
WiW04.2	NA	NA	NA	2	NA	WiW04	GreenbroomCovert	7D_rep2	1
WiW04.3	NA	NA	NA	3	NA	WiW04	GreenbroomCovert	7D_rep3	1
WiW04.4	NA	NA	NA	4	NA	WiW04	GreenbroomCovert	7D_rep4	1
WiW05.1	NA	NA	NA	1	NA	WiW05	GreenbroomCovert	7D_rep1	1
WiW05.2	NA	NA	NA	2	NA	WiW05	GreenbroomCovert	7D_rep2	1
WiW05.3	NA	NA	NA	3	NA	WiW05	GreenbroomCovert	7D_rep3	1
WiW05.4	NA	NA	NA	4	NA	WiW05	GreenbroomCovert	7D_rep4	1
WiW06.1	NA	NA	NA	1	NA	WiW06	GreenbroomCovert	7D_rep1	1
WiW06.2	NA	NA	NA	2	NA	WiW06	GreenbroomCovert	7D_rep2	1
WiW06.3	NA	NA	NA	3	NA	WiW06	GreenbroomCovert	7D_rep3	1
WiW06.4	NA	NA	NA	4	NA	WiW06	GreenbroomCovert	7D_rep4	1
WiW07.1	NA	NA	NA	1	NA	WiW07	GreenbroomCovert	7D_rep1	1
WiW07.2	NA	NA	NA	2	NA	WiW07	GreenbroomCovert	7D_rep2	1
WiW07.3	NA	NA	NA	3	NA	WiW07	GreenbroomCovert	7D_rep3	1
WiW07.4	NA	NA	NA	4	NA	WiW07	GreenbroomCovert	7D_rep4	1
WiW08.1	NA	NA	NA	1	NA	WiW08	GreenbroomCovert	7D_rep1	1
WiW08.2	NA	NA	NA	2	NA	WiW08	GreenbroomCovert	7D_rep2	1
WiW08.3	NA	NA	NA	3	NA	WiW08	GreenbroomCovert	7D_rep3	1
WiW08.4	NA	NA	NA	4	NA	WiW08	GreenbroomCovert	7D_rep4	1
WiW10.1	NA	NA	NA	1	NA	WiW10	GreenbroomCovert	7D_rep1	1
WiW10.2	NA	NA	NA	2	NA	WiW10	GreenbroomCovert	7D_rep2	1
WiW10.3	NA	NA	NA	3	NA	WiW10	GreenbroomCovert	7D_rep3	1
WiW10.4	NA	NA	NA	4	NA	WiW10	GreenbroomCovert	7D_rep4	1
WiW11.1	NA	NA	NA	1	NA	WiW11	GreenbroomCovert	7D_rep1	1
WiW11.2	NA	NA	NA	2	NA	WiW11	GreenbroomCovert	7D_rep2	1
WiW11.3	NA	NA	NA	3	NA	WiW11	GreenbroomCovert	7D_rep3	1
WiW11.4	NA	NA	NA	4	NA	WiW11	GreenbroomCovert	7D_rep4	1
WiW13.1	NA	NA	NA	1	NA	WiW13	GreenbroomCovert	7D_rep1	1
WiW13.2	NA	NA	NA	2	NA	WiW13	GreenbroomCovert	7D_rep2	1
WiW13.3	NA	NA	NA	3	NA	WiW13	GreenbroomCovert	7D_rep3	1
WiW13.4	NA	NA	NA	4	NA	WiW13	GreenbroomCovert	7D_rep4	1
WiW14.1	NA	NA	NA	1	NA	WiW14	GreenbroomCovert	7D_rep1	1
WiW14.2	NA	NA	NA	2	NA	WiW14	GreenbroomCovert	7D_rep2	1
WiW14.3	NA	NA	NA	3	NA	WiW14	GreenbroomCovert	7D_rep3	1
WiW14.4	NA	NA	NA	4	NA	WiW14	GreenbroomCovert	7D_rep4	2
WiW15.1	NA	NA	NA	1	NA	WiW15	GreenbroomCovert	7D_rep1	1
WiW15.2	NA	NA	NA	2	NA	WiW15	GreenbroomCovert	7D_rep2	1
WiW15.3	NA	NA	NA	3	NA	WiW15	GreenbroomCovert	7D_rep3	1
WiW15.4	NA	NA	NA	4	NA	WiW15	GreenbroomCovert	7D_rep4	2
WiW16.1	NA	NA	NA	1	NA	WiW16	GreenbroomCovert	7D_rep1	1
WiW16.2	NA	NA	NA	2	NA	WiW16	GreenbroomCovert	7D_rep2	1
WiW16.3	NA	NA	NA	3	NA	WiW16	GreenbroomCovert	7D_rep3	1
WiW16.4	NA	NA	NA	4	NA	WiW16	GreenbroomCovert	7D_rep4	2
WiW17.1	NA	NA	NA	1	NA	WiW17	GreenbroomCovert	7D_rep1	1
WiW17.2	NA	NA	NA	2	NA	WiW17	GreenbroomCovert	7D_rep2	1
WiW17.3	NA	NA	NA	3	NA	WiW17	GreenbroomCovert	7D_rep3	1
WiW17.4	NA	NA	NA	4	NA	WiW17	GreenbroomCovert	7D_rep4	2
WiW18.1	NA	NA	NA	1	NA	WiW18	GreenbroomCovert	7D_rep1	2
WiW18.2	NA	NA	NA	2	NA	WiW18	GreenbroomCovert	7D_rep2	1
WiW18.3	NA	NA	NA	3	NA	WiW18	GreenbroomCovert	7D_rep3	1
WiW18.4	NA	NA	NA	4	NA	WiW18	GreenbroomCovert	7D_rep4	2
WiW19.1	NA	NA	NA	1	NA	WiW19	GreenbroomCovert	7D_rep1	1
WiW19.2	NA	NA	NA	2	NA	WiW19	GreenbroomCovert	7D_rep2	1
WiW19.3	NA	NA	NA	3	NA	WiW19	GreenbroomCovert	7D_rep3	1
WiW19.4	NA	NA	NA	4	NA	WiW19	GreenbroomCovert	7D_rep4	2
WiW20.1	NA	NA	NA	1	NA	WiW20	GreenbroomCovert	7D_rep1	1
WiW20.2	NA	NA	NA	2	NA	WiW20	GreenbroomCovert	7D_rep2	1
WiW20.3	NA	NA	NA	3	NA	WiW20	GreenbroomCovert	7D_rep3	1
WiW20.4	NA	NA	NA	4	NA	WiW20	GreenbroomCovert	7D_rep4	2
WiW21.1	NA	NA	NA	1	NA	WiW21	GreenbroomCovert	7D_rep1	1
WiW21.2	NA	NA	NA	2	NA	WiW21	GreenbroomCovert	7D_rep2	1
WiW21.3	NA	NA	NA	3	NA	WiW21	GreenbroomCovert	7D_rep3	1
WiW21.4	NA	NA	NA	4	NA	WiW21	GreenbroomCovert	7D_rep4	2
WiW23.1	NA	NA	NA	1	NA	WiW23	GreenbroomCovert	7D_rep1	2
WiW23.2	NA	NA	NA	2	NA	WiW23	GreenbroomCovert	7D_rep2	1
WiW23.3	NA	NA	NA	3	NA	WiW23	GreenbroomCovert	7D_rep3	1
WiW23.4	NA	NA	NA	4	NA	WiW23	GreenbroomCovert	7D_rep4	2
WiW24.1	NA	NA	NA	1	NA	WiW24	GreenbroomCovert	7D_rep1	1
WiW24.2	NA	NA	NA	2	NA	WiW24	GreenbroomCovert	7D_rep2	1
WiW24.3	NA	NA	NA	3	NA	WiW24	GreenbroomCovert	7D_rep3	1
WiW24.4	NA	NA	NA	4	NA	WiW24	GreenbroomCovert	7D_rep4	2
WiW25.1	NA	NA	NA	1	NA	WiW25	GreenbroomCovert	7D_rep1	1
WiW25.2	NA	NA	NA	2	NA	WiW25	GreenbroomCovert	7D_rep2	1
WiW25.3	NA	NA	NA	3	NA	WiW25	GreenbroomCovert	7D_rep3	1
WiW25.4	NA	NA	NA	4	NA	WiW25	GreenbroomCovert	7D_rep4	2
WiW26.1	NA	NA	NA	1	NA	WiW26	GreenbroomCovert	7D_rep1	1
WiW26.2	NA	NA	NA	2	NA	WiW26	GreenbroomCovert	7D_rep2	1
WiW26.3	NA	NA	NA	3	NA	WiW26	GreenbroomCovert	7D_rep3	1
WiW26.4	NA	NA	NA	4	NA	WiW26	GreenbroomCovert	7D_rep4	1
WiW27.1	NA	NA	NA	1	NA	WiW27	GreenbroomCovert	7D_rep1	1
WiW27.2	NA	NA	NA	2	NA	WiW27	GreenbroomCovert	7D_rep2	1
WiW27.3	NA	NA	NA	3	NA	WiW27	GreenbroomCovert	7D_rep3	1
WiW27.4	NA	NA	NA	4	NA	WiW27	GreenbroomCovert	7D_rep4	2
WiW28.1	NA	NA	NA	1	NA	WiW28	GreenbroomCovert	7D_rep1	1
WiW28.2	NA	NA	NA	2	NA	WiW28	GreenbroomCovert	7D_rep2	1
WiW28.3	NA	NA	NA	3	NA	WiW28	GreenbroomCovert	7D_rep3	1
WiW28.4	NA	NA	NA	4	NA	WiW28	GreenbroomCovert	7D_rep4	2
WiW29.1	NA	NA	NA	1	NA	WiW29	GreenbroomCovert	7D_rep1	1
WiW29.2	NA	NA	NA	2	NA	WiW29	GreenbroomCovert	7D_rep2	1
WiW29.3	NA	NA	NA	3	NA	WiW29	GreenbroomCovert	7D_rep3	1
WiW29.4	NA	NA	NA	4	NA	WiW29	GreenbroomCovert	7D_rep4	2
WiW30.1	NA	NA	NA	1	NA	WiW30	GreenbroomCovert	7D_rep1	1
WiW30.2	NA	NA	NA	2	NA	WiW30	GreenbroomCovert	7D_rep2	1
WiW30.3	NA	NA	NA	3	NA	WiW30	GreenbroomCovert	7D_rep3	1
WiW30.4	NA	NA	NA	4	NA	WiW30	GreenbroomCovert	7D_rep4	2
WiW31.1	NA	NA	NA	1	NA	WiW31	GreenbroomCovert	7D_rep1	1
WiW31.2	NA	NA	NA	2	NA	WiW31	GreenbroomCovert	7D_rep2	1
WiW31.3	NA	NA	NA	3	NA	WiW31	GreenbroomCovert	7D_rep3	1
WiW31.4	NA	NA	NA	4	NA	WiW31	GreenbroomCovert	7D_rep4	1
WiW32.1	NA	NA	NA	1	NA	WiW32	GreenbroomCovert	7D_rep1	1
WiW32.2	NA	NA	NA	2	NA	WiW32	GreenbroomCovert	7D_rep2	1
WiW32.3	NA	NA	NA	3	NA	WiW32	GreenbroomCovert	7D_rep3	1
WiW32.4	NA	NA	NA	4	NA	WiW32	GreenbroomCovert	7D_rep4	2
WiW33.1	NA	NA	NA	1	NA	WiW33	GreenbroomCovert	7D_rep1	1
WiW33.2	NA	NA	NA	2	NA	WiW33	GreenbroomCovert	7D_rep2	1
WiW33.3	NA	NA	NA	3	NA	WiW33	GreenbroomCovert	7D_rep3	1
WiW33.4	NA	NA	NA	4	NA	WiW33	GreenbroomCovert	7D_rep4	1
WiW34.1	NA	NA	NA	1	NA	WiW34	GreenbroomCovert	7D_rep1	1
WiW34.2	NA	NA	NA	2	NA	WiW34	GreenbroomCovert	7D_rep2	1
WiW34.3	NA	NA	NA	3	NA	WiW34	GreenbroomCovert	7D_rep3	1
WiW34.4	NA	NA	NA	4	NA	WiW34	GreenbroomCovert	7D_rep4	1
WiW36.1	NA	NA	NA	1	NA	WiW36	GreenbroomCovert	7D_rep1	1
WiW36.2	NA	NA	NA	2	NA	WiW36	GreenbroomCovert	7D_rep2	1
WiW36.3	NA	NA	NA	3	NA	WiW36	GreenbroomCovert	7D_rep3	1
WiW36.4	NA	NA	NA	4	NA	WiW36	GreenbroomCovert	7D_rep4	1
WiW37.1	NA	NA	NA	1	NA	WiW37	GreenbroomCovert	7D_rep1	1
WiW37.2	NA	NA	NA	2	NA	WiW37	GreenbroomCovert	7D_rep2	1
WiW37.3	NA	NA	NA	3	NA	WiW37	GreenbroomCovert	7D_rep3	1
WiW37.4	NA	NA	NA	4	NA	WiW37	GreenbroomCovert	7D_rep4	1
WiW38.1	NA	NA	NA	1	NA	WiW38	GreenbroomCovert	7D_rep1	1
WiW38.2	NA	NA	NA	2	NA	WiW38	GreenbroomCovert	7D_rep2	1
WiW38.3	NA	NA	NA	3	NA	WiW38	GreenbroomCovert	7D_rep3	1
WiW38.4	NA	NA	NA	4	NA	WiW38	GreenbroomCovert	7D_rep4	1
WiW40.1	NA	NA	NA	1	NA	WiW40	GreenbroomCovert	7D_rep1	1
WiW40.2	NA	NA	NA	2	NA	WiW40	GreenbroomCovert	7D_rep2	1
WiW40.3	NA	NA	NA	3	NA	WiW40	GreenbroomCovert	7D_rep3	1
WiW40.4	NA	NA	NA	4	NA	WiW40	GreenbroomCovert	7D_rep4	1
WiW41.1	NA	NA	NA	1	NA	WiW41	GreenbroomCovert	7D_rep1	1
WiW41.2	NA	NA	NA	2	NA	WiW41	GreenbroomCovert	7D_rep2	1
WiW41.3	NA	NA	NA	3	NA	WiW41	GreenbroomCovert	7D_rep3	1
WiW41.4	NA	NA	NA	4	NA	WiW41	GreenbroomCovert	7D_rep4	1
WiW43.1	NA	NA	NA	1	NA	WiW43	GreenbroomCovert	7D_rep1	1
WiW43.2	NA	NA	NA	2	NA	WiW43	GreenbroomCovert	7D_rep2	1
WiW43.3	NA	NA	NA	3	NA	WiW43	GreenbroomCovert	7D_rep3	2
WiW43.4	NA	NA	NA	4	NA	WiW43	GreenbroomCovert	7D_rep4	1
WiW44.1	NA	NA	NA	1	NA	WiW44	GreenbroomCovert	7D_rep1	1
WiW44.2	NA	NA	NA	2	NA	WiW44	GreenbroomCovert	7D_rep2	1
WiW44.3	NA	NA	NA	3	NA	WiW44	GreenbroomCovert	7D_rep3	1
WiW44.4	NA	NA	NA	4	NA	WiW44	GreenbroomCovert	7D_rep4	1
WiW45.1	NA	NA	NA	1	NA	WiW45	GreenbroomCovert	7D_rep1	1
WiW45.2	NA	NA	NA	2	NA	WiW45	GreenbroomCovert	7D_rep2	1
WiW45.3	NA	NA	NA	3	NA	WiW45	GreenbroomCovert	7D_rep3	1
WiW45.4	NA	NA	NA	4	NA	WiW45	GreenbroomCovert	7D_rep4	1
WiW46.1	NA	NA	NA	1	NA	WiW46	GreenbroomCovert	7D_rep1	1
WiW46.2	NA	NA	NA	2	NA	WiW46	GreenbroomCovert	7D_rep2	1
WiW46.3	NA	NA	NA	3	NA	WiW46	GreenbroomCovert	7D_rep3	2
WiW46.4	NA	NA	NA	4	NA	WiW46	GreenbroomCovert	7D_rep4	1
WiW47.1	NA	NA	NA	1	NA	WiW47	GreenbroomCovert	7D_rep1	1
WiW47.2	NA	NA	NA	2	NA	WiW47	GreenbroomCovert	7D_rep2	1
WiW47.3	NA	NA	NA	3	NA	WiW47	GreenbroomCovert	7D_rep3	2
WiW47.4	NA	NA	NA	4	NA	WiW47	GreenbroomCovert	7D_rep4	1
WiW48.1	NA	NA	NA	1	NA	WiW48	GreenbroomCovert	7D_rep1	1
WiW48.2	NA	NA	NA	2	NA	WiW48	GreenbroomCovert	7D_rep2	1
WiW48.3	NA	NA	NA	3	NA	WiW48	GreenbroomCovert	7D_rep3	2
WiW48.4	NA	NA	NA	4	NA	WiW48	GreenbroomCovert	7D_rep4	1
WiW49.1	NA	NA	NA	1	NA	WiW49	GreenbroomCovert	7D_rep1	1
WiW49.2	NA	NA	NA	2	NA	WiW49	GreenbroomCovert	7D_rep2	1
WiW49.3	NA	NA	NA	3	NA	WiW49	GreenbroomCovert	7D_rep3	1
WiW49.4	NA	NA	NA	4	NA	WiW49	GreenbroomCovert	7D_rep4	1
WiW50.1	NA	NA	NA	1	NA	WiW50	GreenbroomCovert	7D_rep1	1
WiW50.2	NA	NA	NA	2	NA	WiW50	GreenbroomCovert	7D_rep2	1
WiW50.3	NA	NA	NA	3	NA	WiW50	GreenbroomCovert	7D_rep3	1
WiW50.4	NA	NA	NA	4	NA	WiW50	GreenbroomCovert	7D_rep4	1
WiW51.1	NA	NA	NA	1	NA	WiW51	GreenbroomCovert	7D_rep1	1
WiW51.2	NA	NA	NA	2	NA	WiW51	GreenbroomCovert	7D_rep2	1
WiW51.3	NA	NA	NA	3	NA	WiW51	GreenbroomCovert	7D_rep3	1
WiW51.4	NA	NA	NA	4	NA	WiW51	GreenbroomCovert	7D_rep4	1
WiW52.1	NA	NA	NA	1	NA	WiW52	GreenbroomCovert	7D_rep1	1
WiW52.2	NA	NA	NA	2	NA	WiW52	GreenbroomCovert	7D_rep2	1
WiW52.3	NA	NA	NA	3	NA	WiW52	GreenbroomCovert	7D_rep3	1
WiW52.4	NA	NA	NA	4	NA	WiW52	GreenbroomCovert	7D_rep4	1
WiW53.1	NA	NA	NA	1	NA	WiW53	GreenbroomCovert	7D_rep1	2
WiW53.2	NA	NA	NA	2	NA	WiW53	GreenbroomCovert	7D_rep2	1
WiW53.3	NA	NA	NA	3	NA	WiW53	GreenbroomCovert	7D_rep3	1
WiW53.4	NA	NA	NA	4	NA	WiW53	GreenbroomCovert	7D_rep4	1
WiW54.1	NA	NA	NA	1	NA	WiW54	GreenbroomCovert	7D_rep1	1
WiW54.2	NA	NA	NA	2	NA	WiW54	GreenbroomCovert	7D_rep2	1
WiW54.3	NA	NA	NA	3	NA	WiW54	GreenbroomCovert	7D_rep3	1
WiW54.4	NA	NA	NA	4	NA	WiW54	GreenbroomCovert	7D_rep4	1
WiW55.1	NA	NA	NA	1	NA	WiW55	GreenbroomCovert	7D_rep1	1
WiW55.2	NA	NA	NA	2	NA	WiW55	GreenbroomCovert	7D_rep2	1
WiW55.3	NA	NA	NA	3	NA	WiW55	GreenbroomCovert	7D_rep3	1
WiW55.4	NA	NA	NA	4	NA	WiW55	GreenbroomCovert	7D_rep4	1
WiW56.1	NA	NA	NA	1	NA	WiW56	GreenbroomCovert	7D_rep1	1
WiW56.2	NA	NA	NA	2	NA	WiW56	GreenbroomCovert	7D_rep2	1
WiW56.3	NA	NA	NA	3	NA	WiW56	GreenbroomCovert	7D_rep3	1
WiW56.4	NA	NA	NA	4	NA	WiW56	GreenbroomCovert	7D_rep4	1
WiW57.1	NA	NA	NA	1	NA	WiW57	WindsorGreatPark	7D_rep1	1
WiW57.2	NA	NA	NA	2	NA	WiW57	WindsorGreatPark	7D_rep2	1
WiW57.3	NA	NA	NA	3	NA	WiW57	WindsorGreatPark	7D_rep3	1
WiW57.4	NA	NA	NA	4	NA	WiW57	WindsorGreatPark	7D_rep4	1
WP01.1	NA	NA	NA	1	NA	WP01	WaterersPark	7D_rep1	1
WP01.2	NA	NA	NA	2	NA	WP01	WaterersPark	7D_rep2	1
WP01.3	NA	NA	NA	3	NA	WP01	WaterersPark	7D_rep3	1
WP01.4	NA	NA	NA	4	NA	WP01	WaterersPark	7D_rep4	1
WP02.1	NA	NA	NA	1	NA	WP02	WaterersPark	7D_rep1	1
WP02.2	NA	NA	NA	2	NA	WP02	WaterersPark	7D_rep2	1
WP02.3	NA	NA	NA	3	NA	WP02	WaterersPark	7D_rep3	1
WP02.4	NA	NA	NA	4	NA	WP02	WaterersPark	7D_rep4	1
WP03.1	NA	NA	NA	1	NA	WP03	WaterersPark	7D_rep1	1
WP03.2	NA	NA	NA	2	NA	WP03	WaterersPark	7D_rep2	1
WP03.3	NA	NA	NA	3	NA	WP03	WaterersPark	7D_rep3	1
WP03.4	NA	NA	NA	4	NA	WP03	WaterersPark	7D_rep4	1
WP04.1	NA	NA	NA	1	NA	WP04	WaterersPark	7D_rep1	1
WP04.2	NA	NA	NA	2	NA	WP04	WaterersPark	7D_rep2	1
WP04.3	NA	NA	NA	3	NA	WP04	WaterersPark	7D_rep3	1
WP04.4	NA	NA	NA	4	NA	WP04	WaterersPark	7D_rep4	1
WP05.1	NA	NA	NA	1	NA	WP05	WaterersPark	7D_rep1	1
WP05.2	NA	NA	NA	2	NA	WP05	WaterersPark	7D_rep2	1
WP05.3	NA	NA	NA	3	NA	WP05	WaterersPark	7D_rep3	1
WP05.4	NA	NA	NA	4	NA	WP05	WaterersPark	7D_rep4	1
WP06.1	NA	NA	NA	1	NA	WP06	WaterersPark	7D_rep1	1
WP06.2	NA	NA	NA	2	NA	WP06	WaterersPark	7D_rep2	1
WP06.3	NA	NA	NA	3	NA	WP06	WaterersPark	7D_rep3	1
WP06.4	NA	NA	NA	4	NA	WP06	WaterersPark	7D_rep4	1
WP09.1	NA	NA	NA	1	NA	WP09	WaterersPark	7D_rep1	1
WP09.2	NA	NA	NA	2	NA	WP09	WaterersPark	7D_rep2	1
WP09.3	NA	NA	NA	3	NA	WP09	WaterersPark	7D_rep3	1
WP09.4	NA	NA	NA	4	NA	WP09	WaterersPark	7D_rep4	1
WP10.1	NA	NA	NA	1	NA	WP10	WaterersPark	7D_rep1	1
WP10.2	NA	NA	NA	2	NA	WP10	WaterersPark	7D_rep2	1
WP10.3	NA	NA	NA	3	NA	WP10	WaterersPark	7D_rep3	1
WP10.4	NA	NA	NA	4	NA	WP10	WaterersPark	7D_rep4	1
WP11.1	NA	NA	NA	1	NA	WP11	WaterersPark	7D_rep1	1
WP11.2	NA	NA	NA	2	NA	WP11	WaterersPark	7D_rep2	1
WP11.3	NA	NA	NA	3	NA	WP11	WaterersPark	7D_rep3	1
WP11.4	NA	NA	NA	4	NA	WP11	WaterersPark	7D_rep4	1
WP12.1	NA	NA	NA	1	NA	WP12	WaterersPark	7D_rep1	2
WP12.2	NA	NA	NA	2	NA	WP12	WaterersPark	7D_rep2	2
WP12.3	NA	NA	NA	3	NA	WP12	WaterersPark	7D_rep3	2
WP12.4	NA	NA	NA	4	NA	WP12	WaterersPark	7D_rep4	1
WP13.1	NA	NA	NA	1	NA	WP13	WaterersPark	7D_rep1	2
WP13.2	NA	NA	NA	2	NA	WP13	WaterersPark	7D_rep2	2
WP13.3	NA	NA	NA	3	NA	WP13	WaterersPark	7D_rep3	2
WP13.4	NA	NA	NA	4	NA	WP13	WaterersPark	7D_rep4	1
WP14.1	NA	NA	NA	1	NA	WP14	WaterersPark	7D_rep1	1
WP14.2	NA	NA	NA	2	NA	WP14	WaterersPark	7D_rep2	2
WP14.3	NA	NA	NA	3	NA	WP14	WaterersPark	7D_rep3	2
WP14.4	NA	NA	NA	4	NA	WP14	WaterersPark	7D_rep4	1
WP15.1	NA	NA	NA	1	NA	WP15	WaterersPark	7D_rep1	2
WP15.2	NA	NA	NA	2	NA	WP15	WaterersPark	7D_rep2	2
WP15.3	NA	NA	NA	3	NA	WP15	WaterersPark	7D_rep3	2
WP15.4	NA	NA	NA	4	NA	WP15	WaterersPark	7D_rep4	1
WP16.1	NA	NA	NA	1	NA	WP16	WaterersPark	7D_rep1	2
WP16.2	NA	NA	NA	2	NA	WP16	WaterersPark	7D_rep2	2
WP16.3	NA	NA	NA	3	NA	WP16	WaterersPark	7D_rep3	2
WP16.4	NA	NA	NA	4	NA	WP16	WaterersPark	7D_rep4	1
WYC15.1	NA	NA	NA	1	NA	WYC15	WythamWoods	7D_rep1	1
WYC15.2	NA	NA	NA	2	NA	WYC15	WythamWoods	7D_rep2	1
WYC15.3	NA	NA	NA	3	NA	WYC15	WythamWoods	7D_rep3	1
WYC15.4	NA	NA	NA	4	NA	WYC15	WythamWoods	7D_rep4	1
WYC41.1	NA	NA	NA	1	NA	WYC41	WythamWoods	7D_rep1	1
WYC41.2	NA	NA	NA	2	NA	WYC41	WythamWoods	7D_rep2	1
WYC41.3	NA	NA	NA	3	NA	WYC41	WythamWoods	7D_rep3	1
WYC41.4	NA	NA	NA	4	NA	WYC41	WythamWoods	7D_rep4	1
WYC42.1	NA	NA	NA	1	NA	WYC42	WythamWoods	7D_rep1	2
WYC42.2	NA	NA	NA	2	NA	WYC42	WythamWoods	7D_rep2	1
WYC42.3	NA	NA	NA	3	NA	WYC42	WythamWoods	7D_rep3	1
WYC42.4	NA	NA	NA	4	NA	WYC42	WythamWoods	7D_rep4	1
WYD06.1	NA	NA	NA	1	NA	WYD06	WythamWoods	7D_rep1	1
WYD06.2	NA	NA	NA	2	NA	WYD06	WythamWoods	7D_rep2	1
WYD06.3	NA	NA	NA	3	NA	WYD06	WythamWoods	7D_rep3	1
WYD06.4	NA	NA	NA	4	NA	WYD06	WythamWoods	7D_rep4	1
WYD09.1	NA	NA	NA	1	NA	WYD09	WythamWoods	7D_rep1	1
WYD09.2	NA	NA	NA	2	NA	WYD09	WythamWoods	7D_rep2	1
WYD09.3	NA	NA	NA	3	NA	WYD09	WythamWoods	7D_rep3	1
WYD09.4	NA	NA	NA	4	NA	WYD09	WythamWoods	7D_rep4	1
WYM02.1	NA	NA	NA	1	NA	WYM02	WythamWoods	7D_rep1	1
WYM02.2	NA	NA	NA	2	NA	WYM02	WythamWoods	7D_rep2	1
WYM02.3	NA	NA	NA	3	NA	WYM02	WythamWoods	7D_rep3	1
WYM02.4	NA	NA	NA	4	NA	WYM02	WythamWoods	7D_rep4	1
WYM21.1	NA	NA	NA	1	NA	WYM21	WythamWoods	7D_rep1	1
WYM21.2	NA	NA	NA	2	NA	WYM21	WythamWoods	7D_rep2	1
WYM21.3	NA	NA	NA	3	NA	WYM21	WythamWoods	7D_rep3	1
WYM21.4	NA	NA	NA	4	NA	WYM21	WythamWoods	7D_rep4	1
WYM25.1	NA	NA	NA	1	NA	WYM25	WythamWoods	7D_rep1	1
WYM25.2	NA	NA	NA	2	NA	WYM25	WythamWoods	7D_rep2	1
WYM25.3	NA	NA	NA	3	NA	WYM25	WythamWoods	7D_rep3	1
WYM25.4	NA	NA	NA	4	NA	WYM25	WythamWoods	7D_rep4	1
WYM27.1	NA	NA	NA	1	NA	WYM27	WythamWoods	7D_rep1	1
WYM27.2	NA	NA	NA	2	NA	WYM27	WythamWoods	7D_rep2	1
WYM27.3	NA	NA	NA	3	NA	WYM27	WythamWoods	7D_rep3	1
WYM27.4	NA	NA	NA	4	NA	WYM27	WythamWoods	7D_rep4	1
WYM29.1	NA	NA	NA	1	NA	WYM29	WythamWoods	7D_rep1	1
WYM29.2	NA	NA	NA	2	NA	WYM29	WythamWoods	7D_rep2	1
WYM29.3	NA	NA	NA	3	NA	WYM29	WythamWoods	7D_rep3	1
WYM29.4	NA	NA	NA	4	NA	WYM29	WythamWoods	7D_rep4	1
WYM33.1	NA	NA	NA	1	NA	WYM33	WythamWoods	7D_rep1	1
WYM33.2	NA	NA	NA	2	NA	WYM33	WythamWoods	7D_rep2	1
WYM33.3	NA	NA	NA	3	NA	WYM33	WythamWoods	7D_rep3	1
WYM33.4	NA	NA	NA	4	NA	WYM33	WythamWoods	7D_rep4	1
WYM39.1	NA	NA	NA	1	NA	WYM39	WythamWoods	7D_rep1	1
WYM39.2	NA	NA	NA	2	NA	WYM39	WythamWoods	7D_rep2	1
WYM39.3	NA	NA	NA	3	NA	WYM39	WythamWoods	7D_rep3	1
WYM39.4	NA	NA	NA	4	NA	WYM39	WythamWoods	7D_rep4	1
WYT01.1	NA	NA	NA	1	NA	WYT01	WythamWoods	7D_rep1	1
WYT01.2	NA	NA	NA	2	NA	WYT01	WythamWoods	7D_rep2	1
WYT01.3	NA	NA	NA	3	NA	WYT01	WythamWoods	7D_rep3	1
WYT01.4	NA	NA	NA	4	NA	WYT01	WythamWoods	7D_rep4	1
WYT02.1	NA	NA	NA	1	NA	WYT02	WythamWoods	7D_rep1	1
WYT02.2	NA	NA	NA	2	NA	WYT02	WythamWoods	7D_rep2	1
WYT02.3	NA	NA	NA	3	NA	WYT02	WythamWoods	7D_rep3	1
WYT02.4	NA	NA	NA	4	NA	WYT02	WythamWoods	7D_rep4	1
WYT03.1	NA	NA	NA	1	NA	WYT03	WythamWoods	7D_rep1	1
WYT03.2	NA	NA	NA	2	NA	WYT03	WythamWoods	7D_rep2	1
WYT03.3	NA	NA	NA	3	NA	WYT03	WythamWoods	7D_rep3	1
WYT03.4	NA	NA	NA	4	NA	WYT03	WythamWoods	7D_rep4	1
WYT04.1	NA	NA	NA	1	NA	WYT04	WythamWoods	7D_rep1	1
WYT04.2	NA	NA	NA	2	NA	WYT04	WythamWoods	7D_rep2	1
WYT04.3	NA	NA	NA	3	NA	WYT04	WythamWoods	7D_rep3	1
WYT04.4	NA	NA	NA	4	NA	WYT04	WythamWoods	7D_rep4	1
WYT05.1	NA	NA	NA	1	NA	WYT05	WythamWoods	7D_rep1	1
WYT05.2	NA	NA	NA	2	NA	WYT05	WythamWoods	7D_rep2	1
WYT05.3	NA	NA	NA	3	NA	WYT05	WythamWoods	7D_rep3	1
WYT05.4	NA	NA	NA	4	NA	WYT05	WythamWoods	7D_rep4	1
WYT06.1	NA	NA	NA	1	NA	WYT06	WythamWoods	7D_rep1	1
WYT06.2	NA	NA	NA	2	NA	WYT06	WythamWoods	7D_rep2	1
WYT06.3	NA	NA	NA	3	NA	WYT06	WythamWoods	7D_rep3	1
WYT06.4	NA	NA	NA	4	NA	WYT06	WythamWoods	7D_rep4	1
WYT07.1	NA	NA	NA	1	NA	WYT07	WythamWoods	7D_rep1	1
WYT07.2	NA	NA	NA	2	NA	WYT07	WythamWoods	7D_rep2	1
WYT07.3	NA	NA	NA	3	NA	WYT07	WythamWoods	7D_rep3	1
WYT07.4	NA	NA	NA	4	NA	WYT07	WythamWoods	7D_rep4	1
WYT08.1	NA	NA	NA	1	NA	WYT08	WythamWoods	7D_rep1	1
WYT08.2	NA	NA	NA	2	NA	WYT08	WythamWoods	7D_rep2	1
WYT08.3	NA	NA	NA	3	NA	WYT08	WythamWoods	7D_rep3	1
WYT08.4	NA	NA	NA	4	NA	WYT08	WythamWoods	7D_rep4	1
WYT09.1	NA	NA	NA	1	NA	WYT09	WythamWoods	7D_rep1	1
WYT09.2	NA	NA	NA	2	NA	WYT09	WythamWoods	7D_rep2	1
WYT09.3	NA	NA	NA	3	NA	WYT09	WythamWoods	7D_rep3	1
WYT09.4	NA	NA	NA	4	NA	WYT09	WythamWoods	7D_rep4	1
WYT10.1	NA	NA	NA	1	NA	WYT10	WythamWoods	7D_rep1	1
WYT10.2	NA	NA	NA	2	NA	WYT10	WythamWoods	7D_rep2	1
WYT10.3	NA	NA	NA	3	NA	WYT10	WythamWoods	7D_rep3	1
WYT10.4	NA	NA	NA	4	NA	WYT10	WythamWoods	7D_rep4	1
WYT116.1	NA	NA	NA	1	NA	WYT116	WythamWoods	7D_rep1	1
WYT116.2	NA	NA	NA	2	NA	WYT116	WythamWoods	7D_rep2	1
WYT116.3	NA	NA	NA	3	NA	WYT116	WythamWoods	7D_rep3	1
WYT116.4	NA	NA	NA	4	NA	WYT116	WythamWoods	7D_rep4	1
WYT13.1	NA	NA	NA	1	NA	WYT13	WythamWoods	7D_rep1	1
WYT13.2	NA	NA	NA	2	NA	WYT13	WythamWoods	7D_rep2	1
WYT13.3	NA	NA	NA	3	NA	WYT13	WythamWoods	7D_rep3	1
WYT13.4	NA	NA	NA	4	NA	WYT13	WythamWoods	7D_rep4	1
WYT14.1	NA	NA	NA	1	NA	WYT14	WythamWoods	7D_rep1	1
WYT14.2	NA	NA	NA	2	NA	WYT14	WythamWoods	7D_rep2	1
WYT14.3	NA	NA	NA	3	NA	WYT14	WythamWoods	7D_rep3	1
WYT14.4	NA	NA	NA	4	NA	WYT14	WythamWoods	7D_rep4	1
WYT15.1	NA	NA	NA	1	NA	WYT15	WythamWoods	7D_rep1	1
WYT15.2	NA	NA	NA	2	NA	WYT15	WythamWoods	7D_rep2	1
WYT15.3	NA	NA	NA	3	NA	WYT15	WythamWoods	7D_rep3	1
WYT15.4	NA	NA	NA	4	NA	WYT15	WythamWoods	7D_rep4	1
WYT16.1	NA	NA	NA	1	NA	WYT16	WythamWoods	7D_rep1	1
WYT16.2	NA	NA	NA	2	NA	WYT16	WythamWoods	7D_rep2	1
WYT16.3	NA	NA	NA	3	NA	WYT16	WythamWoods	7D_rep3	1
WYT16.4	NA	NA	NA	4	NA	WYT16	WythamWoods	7D_rep4	1
WYT17.1	NA	NA	NA	1	NA	WYT17	WythamWoods	7D_rep1	1
WYT17.2	NA	NA	NA	2	NA	WYT17	WythamWoods	7D_rep2	1
WYT17.3	NA	NA	NA	3	NA	WYT17	WythamWoods	7D_rep3	1
WYT17.4	NA	NA	NA	4	NA	WYT17	WythamWoods	7D_rep4	1
WYT19.1	NA	NA	NA	1	NA	WYT19	WythamWoods	7D_rep1	1
WYT19.2	NA	NA	NA	2	NA	WYT19	WythamWoods	7D_rep2	1
WYT19.3	NA	NA	NA	3	NA	WYT19	WythamWoods	7D_rep3	1
WYT19.4	NA	NA	NA	4	NA	WYT19	WythamWoods	7D_rep4	1
WYT20.1	NA	NA	NA	1	NA	WYT20	WythamWoods	7D_rep1	1
WYT20.2	NA	NA	NA	2	NA	WYT20	WythamWoods	7D_rep2	1
WYT20.3	NA	NA	NA	3	NA	WYT20	WythamWoods	7D_rep3	1
WYT20.4	NA	NA	NA	4	NA	WYT20	WythamWoods	7D_rep4	1
WYT21.1	NA	NA	NA	1	NA	WYT21	WythamWoods	7D_rep1	1
WYT21.2	NA	NA	NA	2	NA	WYT21	WythamWoods	7D_rep2	1
WYT21.3	NA	NA	NA	3	NA	WYT21	WythamWoods	7D_rep3	1
WYT21.4	NA	NA	NA	4	NA	WYT21	WythamWoods	7D_rep4	1
WYT22.1	NA	NA	NA	1	NA	WYT22	WythamWoods	7D_rep1	1
WYT22.2	NA	NA	NA	2	NA	WYT22	WythamWoods	7D_rep2	1
WYT22.3	NA	NA	NA	3	NA	WYT22	WythamWoods	7D_rep3	1
WYT22.4	NA	NA	NA	4	NA	WYT22	WythamWoods	7D_rep4	1
WYT23.1	NA	NA	NA	1	NA	WYT23	WythamWoods	7D_rep1	1
WYT23.2	NA	NA	NA	2	NA	WYT23	WythamWoods	7D_rep2	1
WYT23.3	NA	NA	NA	3	NA	WYT23	WythamWoods	7D_rep3	1
WYT23.4	NA	NA	NA	4	NA	WYT23	WythamWoods	7D_rep4	1
WYT24.1	NA	NA	NA	1	NA	WYT24	WythamWoods	7D_rep1	1
WYT24.2	NA	NA	NA	2	NA	WYT24	WythamWoods	7D_rep2	1
WYT24.3	NA	NA	NA	3	NA	WYT24	WythamWoods	7D_rep3	1
WYT24.4	NA	NA	NA	4	NA	WYT24	WythamWoods	7D_rep4	1
WYT25.1	NA	NA	NA	1	NA	WYT25	WythamWoods	7D_rep1	1
WYT25.2	NA	NA	NA	2	NA	WYT25	WythamWoods	7D_rep2	1
WYT25.3	NA	NA	NA	3	NA	WYT25	WythamWoods	7D_rep3	1
WYT25.4	NA	NA	NA	4	NA	WYT25	WythamWoods	7D_rep4	1
WYT26.1	NA	NA	NA	1	NA	WYT26	WythamWoods	7D_rep1	1
WYT26.2	NA	NA	NA	2	NA	WYT26	WythamWoods	7D_rep2	1
WYT26.3	NA	NA	NA	3	NA	WYT26	WythamWoods	7D_rep3	1
WYT26.4	NA	NA	NA	4	NA	WYT26	WythamWoods	7D_rep4	1
WYT27.1	NA	NA	NA	1	NA	WYT27	WythamWoods	7D_rep1	1
WYT27.2	NA	NA	NA	2	NA	WYT27	WythamWoods	7D_rep2	1
WYT27.3	NA	NA	NA	3	NA	WYT27	WythamWoods	7D_rep3	1
WYT27.4	NA	NA	NA	4	NA	WYT27	WythamWoods	7D_rep4	1
WYT28.1	NA	NA	NA	1	NA	WYT28	WythamWoods	7D_rep1	1
WYT28.2	NA	NA	NA	2	NA	WYT28	WythamWoods	7D_rep2	1
WYT28.3	NA	NA	NA	3	NA	WYT28	WythamWoods	7D_rep3	1
WYT28.4	NA	NA	NA	4	NA	WYT28	WythamWoods	7D_rep4	1
WYT29.1	NA	NA	NA	1	NA	WYT29	WythamWoods	7D_rep1	1
WYT29.2	NA	NA	NA	2	NA	WYT29	WythamWoods	7D_rep2	1
WYT29.3	NA	NA	NA	3	NA	WYT29	WythamWoods	7D_rep3	1
WYT29.4	NA	NA	NA	4	NA	WYT29	WythamWoods	7D_rep4	1
WYT30.1	NA	NA	NA	1	NA	WYT30	WythamWoods	7D_rep1	1
WYT30.2	NA	NA	NA	2	NA	WYT30	WythamWoods	7D_rep2	2
WYT30.3	NA	NA	NA	3	NA	WYT30	WythamWoods	7D_rep3	1
WYT30.4	NA	NA	NA	4	NA	WYT30	WythamWoods	7D_rep4	1
WYT31.1	NA	NA	NA	1	NA	WYT31	WythamWoods	7D_rep1	1
WYT31.2	NA	NA	NA	2	NA	WYT31	WythamWoods	7D_rep2	2
WYT31.3	NA	NA	NA	3	NA	WYT31	WythamWoods	7D_rep3	1
WYT31.4	NA	NA	NA	4	NA	WYT31	WythamWoods	7D_rep4	1
WYT32.1	NA	NA	NA	1	NA	WYT32	WythamWoods	7D_rep1	1
WYT32.2	NA	NA	NA	2	NA	WYT32	WythamWoods	7D_rep2	2
WYT32.3	NA	NA	NA	3	NA	WYT32	WythamWoods	7D_rep3	1
WYT32.4	NA	NA	NA	4	NA	WYT32	WythamWoods	7D_rep4	2
WYT33.1	NA	NA	NA	1	NA	WYT33	WythamWoods	7D_rep1	1
WYT33.2	NA	NA	NA	2	NA	WYT33	WythamWoods	7D_rep2	1
WYT33.3	NA	NA	NA	3	NA	WYT33	WythamWoods	7D_rep3	1
WYT33.4	NA	NA	NA	4	NA	WYT33	WythamWoods	7D_rep4	1
WYT34.1	NA	NA	NA	1	NA	WYT34	WythamWoods	7D_rep1	1
WYT34.2	NA	NA	NA	2	NA	WYT34	WythamWoods	7D_rep2	1
WYT34.3	NA	NA	NA	3	NA	WYT34	WythamWoods	7D_rep3	1
WYT34.4	NA	NA	NA	4	NA	WYT34	WythamWoods	7D_rep4	1
WYT36.1	NA	NA	NA	1	NA	WYT36	WythamWoods	7D_rep1	1
WYT36.2	NA	NA	NA	2	NA	WYT36	WythamWoods	7D_rep2	1
WYT36.3	NA	NA	NA	3	NA	WYT36	WythamWoods	7D_rep3	1
WYT36.4	NA	NA	NA	4	NA	WYT36	WythamWoods	7D_rep4	1
WYT37.1	NA	NA	NA	1	NA	WYT37	WythamWoods	7D_rep1	1
WYT37.2	NA	NA	NA	2	NA	WYT37	WythamWoods	7D_rep2	1
WYT37.3	NA	NA	NA	3	NA	WYT37	WythamWoods	7D_rep3	1
WYT37.4	NA	NA	NA	4	NA	WYT37	WythamWoods	7D_rep4	1
WYT38.1	NA	NA	NA	1	NA	WYT38	WythamWoods	7D_rep1	1
WYT38.2	NA	NA	NA	2	NA	WYT38	WythamWoods	7D_rep2	1
WYT38.3	NA	NA	NA	3	NA	WYT38	WythamWoods	7D_rep3	1
WYT38.4	NA	NA	NA	4	NA	WYT38	WythamWoods	7D_rep4	1
WYT39.1	NA	NA	NA	1	NA	WYT39	WythamWoods	7D_rep1	1
WYT39.2	NA	NA	NA	2	NA	WYT39	WythamWoods	7D_rep2	1
WYT39.3	NA	NA	NA	3	NA	WYT39	WythamWoods	7D_rep3	1
WYT39.4	NA	NA	NA	4	NA	WYT39	WythamWoods	7D_rep4	1
WYT40.1	NA	NA	NA	1	NA	WYT40	WythamWoods	7D_rep1	1
WYT40.2	NA	NA	NA	2	NA	WYT40	WythamWoods	7D_rep2	1
WYT40.3	NA	NA	NA	3	NA	WYT40	WythamWoods	7D_rep3	1
WYT40.4	NA	NA	NA	4	NA	WYT40	WythamWoods	7D_rep4	1
WYT41.1	NA	NA	NA	1	NA	WYT41	WythamWoods	7D_rep1	1
WYT41.2	NA	NA	NA	2	NA	WYT41	WythamWoods	7D_rep2	1
WYT41.3	NA	NA	NA	3	NA	WYT41	WythamWoods	7D_rep3	1
WYT41.4	NA	NA	NA	4	NA	WYT41	WythamWoods	7D_rep4	1
WYT42.1	NA	NA	NA	1	NA	WYT42	WythamWoods	7D_rep1	1
WYT42.2	NA	NA	NA	2	NA	WYT42	WythamWoods	7D_rep2	1
WYT42.3	NA	NA	NA	3	NA	WYT42	WythamWoods	7D_rep3	1
WYT42.4	NA	NA	NA	4	NA	WYT42	WythamWoods	7D_rep4	1
WYT43.1	NA	NA	NA	1	NA	WYT43	WythamWoods	7D_rep1	1
WYT43.2	NA	NA	NA	2	NA	WYT43	WythamWoods	7D_rep2	1
WYT43.3	NA	NA	NA	3	NA	WYT43	WythamWoods	7D_rep3	1
WYT43.4	NA	NA	NA	4	NA	WYT43	WythamWoods	7D_rep4	1
WYT44.1	NA	NA	NA	1	NA	WYT44	WythamWoods	7D_rep1	1
WYT44.2	NA	NA	NA	2	NA	WYT44	WythamWoods	7D_rep2	1
WYT44.3	NA	NA	NA	3	NA	WYT44	WythamWoods	7D_rep3	1
WYT44.4	NA	NA	NA	4	NA	WYT44	WythamWoods	7D_rep4	1
WYT45.1	NA	NA	NA	1	NA	WYT45	WythamWoods	7D_rep1	1
WYT45.2	NA	NA	NA	2	NA	WYT45	WythamWoods	7D_rep2	1
WYT45.3	NA	NA	NA	3	NA	WYT45	WythamWoods	7D_rep3	1
WYT45.4	NA	NA	NA	4	NA	WYT45	WythamWoods	7D_rep4	1
WYT46.1	NA	NA	NA	1	NA	WYT46	WythamWoods	7D_rep1	1
WYT46.2	NA	NA	NA	2	NA	WYT46	WythamWoods	7D_rep2	1
WYT46.3	NA	NA	NA	3	NA	WYT46	WythamWoods	7D_rep3	1
WYT46.4	NA	NA	NA	4	NA	WYT46	WythamWoods	7D_rep4	1
WYT47.1	NA	NA	NA	1	NA	WYT47	WythamWoods	7D_rep1	1
WYT47.2	NA	NA	NA	2	NA	WYT47	WythamWoods	7D_rep2	1
WYT47.3	NA	NA	NA	3	NA	WYT47	WythamWoods	7D_rep3	1
WYT47.4	NA	NA	NA	4	NA	WYT47	WythamWoods	7D_rep4	1
WYT48.1	NA	NA	NA	1	NA	WYT48	WythamWoods	7D_rep1	1
WYT48.2	NA	NA	NA	2	NA	WYT48	WythamWoods	7D_rep2	1
WYT48.3	NA	NA	NA	3	NA	WYT48	WythamWoods	7D_rep3	1
WYT48.4	NA	NA	NA	4	NA	WYT48	WythamWoods	7D_rep4	1
WYT49.1	NA	NA	NA	1	NA	WYT49	WythamWoods	7D_rep1	1
WYT49.2	NA	NA	NA	2	NA	WYT49	WythamWoods	7D_rep2	1
WYT49.3	NA	NA	NA	3	NA	WYT49	WythamWoods	7D_rep3	1
WYT49.4	NA	NA	NA	4	NA	WYT49	WythamWoods	7D_rep4	1
WYT50.1	NA	NA	NA	1	NA	WYT50	WythamWoods	7D_rep1	1
WYT50.2	NA	NA	NA	2	NA	WYT50	WythamWoods	7D_rep2	1
WYT50.3	NA	NA	NA	3	NA	WYT50	WythamWoods	7D_rep3	1
WYT50.4	NA	NA	NA	4	NA	WYT50	WythamWoods	7D_rep4	1
WYT51.1	NA	NA	NA	1	NA	WYT51	WythamWoods	7D_rep1	1
WYT51.2	NA	NA	NA	2	NA	WYT51	WythamWoods	7D_rep2	1
WYT51.3	NA	NA	NA	3	NA	WYT51	WythamWoods	7D_rep3	1
WYT51.4	NA	NA	NA	4	NA	WYT51	WythamWoods	7D_rep4	1
WYT52.1	NA	NA	NA	1	NA	WYT52	WythamWoods	7D_rep1	1
WYT52.2	NA	NA	NA	2	NA	WYT52	WythamWoods	7D_rep2	1
WYT52.3	NA	NA	NA	3	NA	WYT52	WythamWoods	7D_rep3	1
WYT52.4	NA	NA	NA	4	NA	WYT52	WythamWoods	7D_rep4	1
WYT53.1	NA	NA	NA	1	NA	WYT53	WythamWoods	7D_rep1	1
WYT53.2	NA	NA	NA	2	NA	WYT53	WythamWoods	7D_rep2	1
WYT53.3	NA	NA	NA	3	NA	WYT53	WythamWoods	7D_rep3	1
WYT53.4	NA	NA	NA	4	NA	WYT53	WythamWoods	7D_rep4	1
WYT54.1	NA	NA	NA	1	NA	WYT54	WythamWoods	7D_rep1	1
WYT54.2	NA	NA	NA	2	NA	WYT54	WythamWoods	7D_rep2	1
WYT54.3	NA	NA	NA	3	NA	WYT54	WythamWoods	7D_rep3	1
WYT54.4	NA	NA	NA	4	NA	WYT54	WythamWoods	7D_rep4	1
WYT55.1	NA	NA	NA	1	NA	WYT55	WythamWoods	7D_rep1	1
WYT55.2	NA	NA	NA	2	NA	WYT55	WythamWoods	7D_rep2	1
WYT55.3	NA	NA	NA	3	NA	WYT55	WythamWoods	7D_rep3	1
WYT55.4	NA	NA	NA	4	NA	WYT55	WythamWoods	7D_rep4	1
WYT56.1	NA	NA	NA	1	NA	WYT56	WythamWoods	7D_rep1	1
WYT56.2	NA	NA	NA	2	NA	WYT56	WythamWoods	7D_rep2	1
WYT56.3	NA	NA	NA	3	NA	WYT56	WythamWoods	7D_rep3	1
WYT56.4	NA	NA	NA	4	NA	WYT56	WythamWoods	7D_rep4	1
WYT57.1	NA	NA	NA	1	NA	WYT57	WythamWoods	7D_rep1	1
WYT57.2	NA	NA	NA	2	NA	WYT57	WythamWoods	7D_rep2	1
WYT57.3	NA	NA	NA	3	NA	WYT57	WythamWoods	7D_rep3	1
WYT57.4	NA	NA	NA	4	NA	WYT57	WythamWoods	7D_rep4	1
WYT58.1	NA	NA	NA	1	NA	WYT58	WythamWoods	7D_rep1	1
WYT58.2	NA	NA	NA	2	NA	WYT58	WythamWoods	7D_rep2	1
WYT58.3	NA	NA	NA	3	NA	WYT58	WythamWoods	7D_rep3	1
WYT58.4	NA	NA	NA	4	NA	WYT58	WythamWoods	7D_rep4	1
WYT59.1	NA	NA	NA	1	NA	WYT59	WythamWoods	7D_rep1	1
WYT59.2	NA	NA	NA	2	NA	WYT59	WythamWoods	7D_rep2	1
WYT59.3	NA	NA	NA	3	NA	WYT59	WythamWoods	7D_rep3	1
WYT59.4	NA	NA	NA	4	NA	WYT59	WythamWoods	7D_rep4	1
WYT60.1	NA	NA	NA	1	NA	WYT60	WythamWoods	7D_rep1	1
WYT60.2	NA	NA	NA	2	NA	WYT60	WythamWoods	7D_rep2	1
WYT60.3	NA	NA	NA	3	NA	WYT60	WythamWoods	7D_rep3	1
WYT60.4	NA	NA	NA	4	NA	WYT60	WythamWoods	7D_rep4	1
WYT61.1	NA	NA	NA	1	NA	WYT61	WythamWoods	7D_rep1	1
WYT61.2	NA	NA	NA	2	NA	WYT61	WythamWoods	7D_rep2	1
WYT61.3	NA	NA	NA	3	NA	WYT61	WythamWoods	7D_rep3	1
WYT61.4	NA	NA	NA	4	NA	WYT61	WythamWoods	7D_rep4	1
WYT63.1	NA	NA	NA	1	NA	WYT63	WythamWoods	7D_rep1	1
WYT63.2	NA	NA	NA	2	NA	WYT63	WythamWoods	7D_rep2	1
WYT63.3	NA	NA	NA	3	NA	WYT63	WythamWoods	7D_rep3	1
WYT63.4	NA	NA	NA	4	NA	WYT63	WythamWoods	7D_rep4	1
WYT87.1	NA	NA	NA	1	NA	WYT87	WythamWoods	7D_rep1	1
WYT87.2	NA	NA	NA	2	NA	WYT87	WythamWoods	7D_rep2	1
WYT87.3	NA	NA	NA	3	NA	WYT87	WythamWoods	7D_rep3	1
WYT87.4	NA	NA	NA	4	NA	WYT87	WythamWoods	7D_rep4	1
WYT94.1	NA	NA	NA	1	NA	WYT94	WythamWoods	7D_rep1	1
WYT94.2	NA	NA	NA	2	NA	WYT94	WythamWoods	7D_rep2	1
WYT94.3	NA	NA	NA	3	NA	WYT94	WythamWoods	7D_rep3	1
WYT94.4	NA	NA	NA	4	NA	WYT94	WythamWoods	7D_rep4	1
AE05	NA	NA	NA	1	NA	AE05	AshridgeEstate	0D	1
AE101	NA	NA	NA	1	NA	AE101	AshridgeEstate	0D	1
AE103	NA	NA	NA	1	NA	AE103	AshridgeEstate	0D	1
AE126	NA	NA	NA	1	NA	AE126	AshridgeEstate	0D	2
AE155	NA	NA	NA	1	NA	AE155	AshridgeEstate	0D	1
AE172	NA	NA	NA	1	NA	AE172	AshridgeEstate	0D	1
AE22	NA	NA	NA	1	NA	AE22	AshridgeEstate	0D	1
AE23	NA	NA	NA	1	NA	AE23	AshridgeEstate	0D	1
AE26	NA	NA	NA	1	NA	AE26	AshridgeEstate	0D	1
AE27	NA	NA	NA	1	NA	AE27	AshridgeEstate	0D	2
AE95	NA	NA	NA	1	NA	AE95	AshridgeEstate	0D	1
BB01	NA	NA	NA	1	NA	BB01	BurhamBeeches	0D	1
BB02	NA	NA	NA	1	NA	BB02	BurhamBeeches	0D	2
BB03	NA	NA	NA	1	NA	BB03	BurhamBeeches	0D	1
BB05	NA	NA	NA	1	NA	BB05	BurhamBeeches	0D	1
BB06	NA	NA	NA	1	NA	BB06	BurhamBeeches	0D	1
BB07	NA	NA	NA	1	NA	BB07	BurhamBeeches	0D	1
BB09	NA	NA	NA	1	NA	BB09	BurhamBeeches	0D	1
BB10	NA	NA	NA	1	NA	BB10	BurhamBeeches	0D	1
BB11	NA	NA	NA	1	NA	BB11	BurhamBeeches	0D	1
BB12	NA	NA	NA	1	NA	BB12	BurhamBeeches	0D	1
BB13	NA	NA	NA	1	NA	BB13	BurhamBeeches	0D	1
BB14	NA	NA	NA	1	NA	BB14	BurhamBeeches	0D	1
BB15	NA	NA	NA	1	NA	BB15	BurhamBeeches	0D	1
BB16	NA	NA	NA	1	NA	BB16	BurhamBeeches	0D	1
BB17	NA	NA	NA	1	NA	BB17	BurhamBeeches	0D	1
BB18	NA	NA	NA	1	NA	BB18	BurhamBeeches	0D	1
BB19	NA	NA	NA	1	NA	BB19	BurhamBeeches	0D	1
BB20	NA	NA	NA	1	NA	BB20	BurhamBeeches	0D	1
BB21	NA	NA	NA	1	NA	BB21	BurhamBeeches	0D	1
BB22	NA	NA	NA	1	NA	BB22	BurhamBeeches	0D	1
BB23	NA	NA	NA	1	NA	BB23	BurhamBeeches	0D	1
BB25	NA	NA	NA	1	NA	BB25	BurhamBeeches	0D	1
BB26	NA	NA	NA	1	NA	BB26	BurhamBeeches	0D	1
BB29	NA	NA	NA	1	NA	BB29	BurhamBeeches	0D	1
BB35	NA	NA	NA	1	NA	BB35	BurhamBeeches	0D	1
BB40	NA	NA	NA	1	NA	BB40	BurhamBeeches	0D	1
BB52	NA	NA	NA	1	NA	BB52	BurhamBeeches	0D	1
BB57	NA	NA	NA	1	NA	BB57	BurhamBeeches	0D	2
BB60	NA	NA	NA	1	NA	BB60	BurhamBeeches	0D	2
BB61	NA	NA	NA	1	NA	BB61	BurhamBeeches	0D	1
BB66	NA	NA	NA	1	NA	BB66	BurhamBeeches	0D	2
BB88	NA	NA	NA	1	NA	BB88	BurhamBeeches	0D	1
BWd01	NA	NA	NA	1	NA	BWd01	BeechWood	0D	1
BWd02	NA	NA	NA	1	NA	BWd02	BeechWood	0D	1
BWd03	NA	NA	NA	1	NA	BWd03	BeechWood	0D	1
BWd04	NA	NA	NA	1	NA	BWd04	BeechWood	0D	1
BWd05	NA	NA	NA	1	NA	BWd05	BeechWood	0D	1
BWd07	NA	NA	NA	1	NA	BWd07	BeechWood	0D	1
LW01	NA	NA	NA	1	NA	LW01	LongWood	0D	1
LW03	NA	NA	NA	1	NA	LW03	LongWood	0D	1
LW04	NA	NA	NA	1	NA	LW04	LongWood	0D	1
LW05	NA	NA	NA	1	NA	LW05	LongWood	0D	1
LW06	NA	NA	NA	1	NA	LW06	LongWood	0D	1
LW07	NA	NA	NA	1	NA	LW07	LongWood	0D	1
LW08	NA	NA	NA	1	NA	LW08	LongWood	0D	1
LW09	NA	NA	NA	1	NA	LW09	LongWood	0D	1
LW10	NA	NA	NA	1	NA	LW10	LongWood	0D	1
LW11	NA	NA	NA	1	NA	LW11	LongWood	0D	1
LW12	NA	NA	NA	1	NA	LW12	LongWood	0D	1
OWW01	NA	NA	NA	1	NA	OWW01	OldWindsorWood	0D	1
OWW02	NA	NA	NA	1	NA	OWW02	OldWindsorWood	0D	1
OWW04	NA	NA	NA	1	NA	OWW04	OldWindsorWood	0D	1
OWW05	NA	NA	NA	1	NA	OWW05	OldWindsorWood	0D	1
OWW06	NA	NA	NA	1	NA	OWW06	OldWindsorWood	0D	1
OWW07	NA	NA	NA	1	NA	OWW07	OldWindsorWood	0D	1
OWW08	NA	NA	NA	1	NA	OWW08	OldWindsorWood	0D	1
OWW09	NA	NA	NA	1	NA	OWW09	OldWindsorWood	0D	1
OWW11	NA	NA	NA	1	NA	OWW11	OldWindsorWood	0D	1
OWW12	NA	NA	NA	1	NA	OWW12	OldWindsorWood	0D	1
OWW13	NA	NA	NA	1	NA	OWW13	OldWindsorWood	0D	1
OWW14	NA	NA	NA	1	NA	OWW14	OldWindsorWood	0D	1
OWW15	NA	NA	NA	1	NA	OWW15	OldWindsorWood	0D	1
OWW16	NA	NA	NA	1	NA	OWW16	OldWindsorWood	0D	1
PH01	NA	NA	NA	1	NA	PH01	PullingshillWood	0D	1
PH02	NA	NA	NA	1	NA	PH02	PullingshillWood	0D	1
PH03	NA	NA	NA	1	NA	PH03	PullingshillWood	0D	1
PH04	NA	NA	NA	1	NA	PH04	PullingshillWood	0D	1
PH05	NA	NA	NA	1	NA	PH05	PullingshillWood	0D	1
PH06	NA	NA	NA	1	NA	PH06	PullingshillWood	0D	1
PH08	NA	NA	NA	1	NA	PH08	PullingshillWood	0D	2
PH09	NA	NA	NA	1	NA	PH09	PullingshillWood	0D	2
PH10	NA	NA	NA	1	NA	PH10	PullingshillWood	0D	2
PH11	NA	NA	NA	1	NA	PH11	PullingshillWood	0D	2
PH12	NA	NA	NA	1	NA	PH12	PullingshillWood	0D	2
PH13	NA	NA	NA	1	NA	PH13	PullingshillWood	0D	1
PH14	NA	NA	NA	1	NA	PH14	PullingshillWood	0D	2
PH15	NA	NA	NA	1	NA	PH15	PullingshillWood	0D	2
PH17	NA	NA	NA	1	NA	PH17	PullingshillWood	0D	2
PH18	NA	NA	NA	1	NA	PH18	PullingshillWood	0D	2
PH19	NA	NA	NA	1	NA	PH19	PullingshillWood	0D	2
PH20	NA	NA	NA	1	NA	PH20	PullingshillWood	0D	2
PH21	NA	NA	NA	1	NA	PH21	PullingshillWood	0D	2
PH22	NA	NA	NA	1	NA	PH22	PullingshillWood	0D	2
PH24	NA	NA	NA	1	NA	PH24	PullingshillWood	0D	2
RDM01	NA	NA	NA	1	NA	RDM01	SilwoodPark	0D	1
SAC02	NA	NA	NA	1	NA	SAC02	StAlbansCity	0D	2
SAC03	NA	NA	NA	1	NA	SAC03	StAlbansCity	0D	1
SAC04	NA	NA	NA	1	NA	SAC04	StAlbansCity	0D	2
SAC05	NA	NA	NA	1	NA	SAC05	StAlbansCity	0D	2
SAC06	NA	NA	NA	1	NA	SAC06	StAlbansCity	0D	2
SAC07	NA	NA	NA	1	NA	SAC07	StAlbansCity	0D	2
SAC08	NA	NA	NA	1	NA	SAC08	StAlbansCity	0D	1
SAC10	NA	NA	NA	1	NA	SAC10	StAlbansCity	0D	1
SAC11	NA	NA	NA	1	NA	SAC11	StAlbansCity	0D	2
SAC12	NA	NA	NA	1	NA	SAC12	StAlbansCity	0D	2
SAC13	NA	NA	NA	1	NA	SAC13	StAlbansCity	0D	2
SAC14	NA	NA	NA	1	NA	SAC14	StAlbansCity	0D	2
SAC15	NA	NA	NA	1	NA	SAC15	StAlbansCity	0D	1
SAC16	NA	NA	NA	1	NA	SAC16	StAlbansCity	0D	2
WEL01	NA	NA	NA	1	NA	WEL01	CombeHill	0D	1
WEL02	NA	NA	NA	1	NA	WEL02	CombeHill	0D	2
WEL03	NA	NA	NA	1	NA	WEL03	CombeHill	0D	1
WEL04	NA	NA	NA	1	NA	WEL04	CombeHill	0D	2
WEL05	NA	NA	NA	1	NA	WEL05	CombeHill	0D	1
WEL06	NA	NA	NA	1	NA	WEL06	CombeHill	0D	1
WEL07	NA	NA	NA	1	NA	WEL07	CombeHill	0D	2
WEL08	NA	NA	NA	1	NA	WEL08	CombeHill	0D	2
WEL09	NA	NA	NA	1	NA	WEL09	CombeHill	0D	2
WEL12	NA	NA	NA	1	NA	WEL12	CombeHill	0D	2
WEL13	NA	NA	NA	1	NA	WEL13	CombeHill	0D	2
WEL14	NA	NA	NA	1	NA	WEL14	CombeHill	0D	2
WEL15	NA	NA	NA	1	NA	WEL15	CombeHill	0D	2
WEL17	NA	NA	NA	1	NA	WEL17	CombeHill	0D	2
WEL18	NA	NA	NA	1	NA	WEL18	CombeHill	0D	2
WEL20	NA	NA	NA	1	NA	WEL20	CombeHill	0D	2
WEL22	NA	NA	NA	1	NA	WEL22	CombeHill	0D	2
WEL23	NA	NA	NA	1	NA	WEL23	CombeHill	0D	2
WEL24	NA	NA	NA	1	NA	WEL24	CombeHill	0D	2
WEL25	NA	NA	NA	1	NA	WEL25	CombeHill	0D	2
WEL26	NA	NA	NA	1	NA	WEL26	CombeHill	0D	1
WF01	NA	NA	NA	1	NA	WF01	WindsorForest	0D	1
WF02	NA	NA	NA	1	NA	WF02	WindsorForest	0D	1
WF04	NA	NA	NA	1	NA	WF04	WindsorForest	0D	1
WF05	NA	NA	NA	1	NA	WF05	WindsorForest	0D	1
WF06	NA	NA	NA	1	NA	WF06	WindsorForest	0D	1
WF07	NA	NA	NA	1	NA	WF07	WindsorForest	0D	1
WiW01	NA	NA	NA	1	NA	WiW01	GreenbroomCovert	0D	1
WiW02	NA	NA	NA	1	NA	WiW02	GreenbroomCovert	0D	1
WiW03	NA	NA	NA	1	NA	WiW03	GreenbroomCovert	0D	1
WiW04	NA	NA	NA	1	NA	WiW04	GreenbroomCovert	0D	1
WiW05	NA	NA	NA	1	NA	WiW05	GreenbroomCovert	0D	1
WiW06	NA	NA	NA	1	NA	WiW06	GreenbroomCovert	0D	1
WiW07	NA	NA	NA	1	NA	WiW07	GreenbroomCovert	0D	1
WiW08	NA	NA	NA	1	NA	WiW08	GreenbroomCovert	0D	1
WiW10	NA	NA	NA	1	NA	WiW10	GreenbroomCovert	0D	1
WiW11	NA	NA	NA	1	NA	WiW11	GreenbroomCovert	0D	1
WiW13	NA	NA	NA	1	NA	WiW13	GreenbroomCovert	0D	1
WiW14	NA	NA	NA	1	NA	WiW14	GreenbroomCovert	0D	1
WiW15	NA	NA	NA	1	NA	WiW15	GreenbroomCovert	0D	1
WiW16	NA	NA	NA	1	NA	WiW16	GreenbroomCovert	0D	1
WiW17	NA	NA	NA	1	NA	WiW17	GreenbroomCovert	0D	1
WiW18	NA	NA	NA	1	NA	WiW18	GreenbroomCovert	0D	1
WiW19	NA	NA	NA	1	NA	WiW19	GreenbroomCovert	0D	1
WiW20	NA	NA	NA	1	NA	WiW20	GreenbroomCovert	0D	1
WiW21	NA	NA	NA	1	NA	WiW21	GreenbroomCovert	0D	1
WiW23	NA	NA	NA	1	NA	WiW23	GreenbroomCovert	0D	1
WiW24	NA	NA	NA	1	NA	WiW24	GreenbroomCovert	0D	1
WiW25	NA	NA	NA	1	NA	WiW25	GreenbroomCovert	0D	1
WiW26	NA	NA	NA	1	NA	WiW26	GreenbroomCovert	0D	1
WiW27	NA	NA	NA	1	NA	WiW27	GreenbroomCovert	0D	1
WiW28	NA	NA	NA	1	NA	WiW28	GreenbroomCovert	0D	1
WiW29	NA	NA	NA	1	NA	WiW29	GreenbroomCovert	0D	1
WiW30	NA	NA	NA	1	NA	WiW30	GreenbroomCovert	0D	1
WiW31	NA	NA	NA	1	NA	WiW31	GreenbroomCovert	0D	1
WiW32	NA	NA	NA	1	NA	WiW32	GreenbroomCovert	0D	1
WiW33	NA	NA	NA	1	NA	WiW33	GreenbroomCovert	0D	1
WiW34	NA	NA	NA	1	NA	WiW34	GreenbroomCovert	0D	1
WiW36	NA	NA	NA	1	NA	WiW36	GreenbroomCovert	0D	1
WiW37	NA	NA	NA	1	NA	WiW37	GreenbroomCovert	0D	1
WiW38	NA	NA	NA	1	NA	WiW38	GreenbroomCovert	0D	1
WiW40	NA	NA	NA	1	NA	WiW40	GreenbroomCovert	0D	1
WiW41	NA	NA	NA	1	NA	WiW41	GreenbroomCovert	0D	1
WiW43	NA	NA	NA	1	NA	WiW43	GreenbroomCovert	0D	1
WiW44	NA	NA	NA	1	NA	WiW44	GreenbroomCovert	0D	1
WiW45	NA	NA	NA	1	NA	WiW45	GreenbroomCovert	0D	1
WiW46	NA	NA	NA	1	NA	WiW46	GreenbroomCovert	0D	1
WiW47	NA	NA	NA	1	NA	WiW47	GreenbroomCovert	0D	1
WiW48	NA	NA	NA	1	NA	WiW48	GreenbroomCovert	0D	1
WiW49	NA	NA	NA	1	NA	WiW49	GreenbroomCovert	0D	1
WiW50	NA	NA	NA	1	NA	WiW50	GreenbroomCovert	0D	1
WiW51	NA	NA	NA	1	NA	WiW51	GreenbroomCovert	0D	1
WiW52	NA	NA	NA	1	NA	WiW52	GreenbroomCovert	0D	1
WiW53	NA	NA	NA	1	NA	WiW53	GreenbroomCovert	0D	1
WiW54	NA	NA	NA	1	NA	WiW54	GreenbroomCovert	0D	1
WiW55	NA	NA	NA	1	NA	WiW55	GreenbroomCovert	0D	1
WiW56	NA	NA	NA	1	NA	WiW56	GreenbroomCovert	0D	1
WiW57	NA	NA	NA	1	NA	WiW57	WindsorGreatPark	0D	1
WP01	NA	NA	NA	1	NA	WP01	WaterersPark	0D	1
WP02	NA	NA	NA	1	NA	WP02	WaterersPark	0D	1
WP03	NA	NA	NA	1	NA	WP03	WaterersPark	0D	1
WP04	NA	NA	NA	1	NA	WP04	WaterersPark	0D	1
WP05	NA	NA	NA	1	NA	WP05	WaterersPark	0D	1
WP06	NA	NA	NA	1	NA	WP06	WaterersPark	0D	1
WP09	NA	NA	NA	1	NA	WP09	WaterersPark	0D	1
WP10	NA	NA	NA	1	NA	WP10	WaterersPark	0D	1
WP11	NA	NA	NA	1	NA	WP11	WaterersPark	0D	1
WP12	NA	NA	NA	1	NA	WP12	WaterersPark	0D	1
WP13	NA	NA	NA	1	NA	WP13	WaterersPark	0D	2
WP14	NA	NA	NA	1	NA	WP14	WaterersPark	0D	2
WP15	NA	NA	NA	1	NA	WP15	WaterersPark	0D	2
WP16	NA	NA	NA	1	NA	WP16	WaterersPark	0D	1
WYC15	NA	NA	NA	1	NA	WYC15	WythamWoods	0D	2
WYC41	NA	NA	NA	1	NA	WYC41	WythamWoods	0D	1
WYC42	NA	NA	NA	1	NA	WYC42	WythamWoods	0D	1
WYD06	NA	NA	NA	1	NA	WYD06	WythamWoods	0D	1
WYD09	NA	NA	NA	1	NA	WYD09	WythamWoods	0D	1
WYM02	NA	NA	NA	1	NA	WYM02	WythamWoods	0D	1
WYM21	NA	NA	NA	1	NA	WYM21	WythamWoods	0D	1
WYM25	NA	NA	NA	1	NA	WYM25	WythamWoods	0D	1
WYM27	NA	NA	NA	1	NA	WYM27	WythamWoods	0D	1
WYM29	NA	NA	NA	1	NA	WYM29	WythamWoods	0D	1
WYM33	NA	NA	NA	1	NA	WYM33	WythamWoods	0D	1
WYM39	NA	NA	NA	1	NA	WYM39	WythamWoods	0D	1
WYT01	NA	NA	NA	1	NA	WYT01	WythamWoods	0D	1
WYT02	NA	NA	NA	1	NA	WYT02	WythamWoods	0D	1
WYT03	NA	NA	NA	1	NA	WYT03	WythamWoods	0D	1
WYT04	NA	NA	NA	1	NA	WYT04	WythamWoods	0D	1
WYT05	NA	NA	NA	1	NA	WYT05	WythamWoods	0D	1
WYT06	NA	NA	NA	1	NA	WYT06	WythamWoods	0D	1
WYT07	NA	NA	NA	1	NA	WYT07	WythamWoods	0D	1
WYT08	NA	NA	NA	1	NA	WYT08	WythamWoods	0D	1
WYT09	NA	NA	NA	1	NA	WYT09	WythamWoods	0D	2
WYT10	NA	NA	NA	1	NA	WYT10	WythamWoods	0D	1
WYT116	NA	NA	NA	1	NA	WYT116	WythamWoods	0D	1
WYT13	NA	NA	NA	1	NA	WYT13	WythamWoods	0D	1
WYT14	NA	NA	NA	1	NA	WYT14	WythamWoods	0D	1
WYT15	NA	NA	NA	1	NA	WYT15	WythamWoods	0D	1
WYT16	NA	NA	NA	1	NA	WYT16	WythamWoods	0D	1
WYT17	NA	NA	NA	1	NA	WYT17	WythamWoods	0D	1
WYT19	NA	NA	NA	1	NA	WYT19	WythamWoods	0D	1
WYT20	NA	NA	NA	1	NA	WYT20	WythamWoods	0D	1
WYT21	NA	NA	NA	1	NA	WYT21	WythamWoods	0D	1
WYT22	NA	NA	NA	1	NA	WYT22	WythamWoods	0D	1
WYT23	NA	NA	NA	1	NA	WYT23	WythamWoods	0D	1
WYT24	NA	NA	NA	1	NA	WYT24	WythamWoods	0D	1
WYT25	NA	NA	NA	1	NA	WYT25	WythamWoods	0D	1
WYT26	NA	NA	NA	1	NA	WYT26	WythamWoods	0D	1
WYT27	NA	NA	NA	1	NA	WYT27	WythamWoods	0D	1
WYT28	NA	NA	NA	1	NA	WYT28	WythamWoods	0D	1
WYT29	NA	NA	NA	1	NA	WYT29	WythamWoods	0D	1
WYT30	NA	NA	NA	1	NA	WYT30	WythamWoods	0D	1
WYT31	NA	NA	NA	1	NA	WYT31	WythamWoods	0D	1
WYT32	NA	NA	NA	1	NA	WYT32	WythamWoods	0D	1
WYT33	NA	NA	NA	1	NA	WYT33	WythamWoods	0D	1
WYT34	NA	NA	NA	1	NA	WYT34	WythamWoods	0D	1
WYT36	NA	NA	NA	1	NA	WYT36	WythamWoods	0D	1
WYT37	NA	NA	NA	1	NA	WYT37	WythamWoods	0D	1
WYT38	NA	NA	NA	1	NA	WYT38	WythamWoods	0D	1
WYT39	NA	NA	NA	1	NA	WYT39	WythamWoods	0D	1
WYT40	NA	NA	NA	1	NA	WYT40	WythamWoods	0D	1
WYT41	NA	NA	NA	1	NA	WYT41	WythamWoods	0D	1
WYT42	NA	NA	NA	1	NA	WYT42	WythamWoods	0D	1
WYT43	NA	NA	NA	1	NA	WYT43	WythamWoods	0D	1
WYT44	NA	NA	NA	1	NA	WYT44	WythamWoods	0D	1
WYT45	NA	NA	NA	1	NA	WYT45	WythamWoods	0D	1
WYT46	NA	NA	NA	1	NA	WYT46	WythamWoods	0D	1
WYT47	NA	NA	NA	1	NA	WYT47	WythamWoods	0D	1
WYT48	NA	NA	NA	1	NA	WYT48	WythamWoods	0D	1
WYT49	NA	NA	NA	1	NA	WYT49	WythamWoods	0D	1
WYT50	NA	NA	NA	1	NA	WYT50	WythamWoods	0D	1
WYT51	NA	NA	NA	1	NA	WYT51	WythamWoods	0D	1
WYT52	NA	NA	NA	1	NA	WYT52	WythamWoods	0D	1
WYT53	NA	NA	NA	1	NA	WYT53	WythamWoods	0D	1
WYT54	NA	NA	NA	1	NA	WYT54	WythamWoods	0D	1
WYT55	NA	NA	NA	1	NA	WYT55	WythamWoods	0D	1
WYT56	NA	NA	NA	1	NA	WYT56	WythamWoods	0D	1
WYT57	NA	NA	NA	1	NA	WYT57	WythamWoods	0D	1
WYT58	NA	NA	NA	1	NA	WYT58	WythamWoods	0D	1
WYT59	NA	NA	NA	1	NA	WYT59	WythamWoods	0D	1
WYT60	NA	NA	NA	1	NA	WYT60	WythamWoods	0D	1
WYT61	NA	NA	NA	1	NA	WYT61	WythamWoods	0D	1
WYT63	NA	NA	NA	1	NA	WYT63	WythamWoods	0D	1
WYT87	NA	NA	NA	1	NA	WYT87	WythamWoods	0D	1
WYT94	NA	NA	NA	1	NA	WYT94	WythamWoods	0D	1
